-- phpMyAdmin SQL Dump
-- version 5.0.1
-- https://www.phpmyadmin.net/
--
-- Host: 127.0.0.1
-- Waktu pembuatan: 29 Sep 2022 pada 09.17
-- Versi server: 10.4.11-MariaDB
-- Versi PHP: 7.4.2

SET SQL_MODE = "NO_AUTO_VALUE_ON_ZERO";
SET AUTOCOMMIT = 0;
START TRANSACTION;
SET time_zone = "+00:00";


/*!40101 SET @OLD_CHARACTER_SET_CLIENT=@@CHARACTER_SET_CLIENT */;
/*!40101 SET @OLD_CHARACTER_SET_RESULTS=@@CHARACTER_SET_RESULTS */;
/*!40101 SET @OLD_COLLATION_CONNECTION=@@COLLATION_CONNECTION */;
/*!40101 SET NAMES utf8mb4 */;

--
-- Database: `meter_baru`
--

-- --------------------------------------------------------

--
-- Struktur dari tabel `debit_air`
--

CREATE TABLE `debit_air` (
  `id` bigint(20) UNSIGNED NOT NULL,
  `debit` double(8,2) NOT NULL,
  `volume` double(8,2) NOT NULL,
  `arah` enum('masuk','keluar') COLLATE utf8mb4_unicode_ci NOT NULL,
  `created_at` timestamp NULL DEFAULT NULL,
  `updated_at` timestamp NULL DEFAULT NULL
) ENGINE=InnoDB DEFAULT CHARSET=utf8mb4 COLLATE=utf8mb4_unicode_ci;

-- --------------------------------------------------------

--
-- Struktur dari tabel `device`
--

CREATE TABLE `device` (
  `device_id` varchar(255) COLLATE utf8mb4_unicode_ci NOT NULL,
  `nm_device` varchar(255) COLLATE utf8mb4_unicode_ci NOT NULL,
  `lokasi` varchar(255) COLLATE utf8mb4_unicode_ci NOT NULL,
  `posisi` varchar(255) COLLATE utf8mb4_unicode_ci NOT NULL,
  `created_at` timestamp NULL DEFAULT NULL,
  `updated_at` timestamp NULL DEFAULT NULL
) ENGINE=InnoDB DEFAULT CHARSET=utf8mb4 COLLATE=utf8mb4_unicode_ci;

--
-- Dumping data untuk tabel `device`
--

INSERT INTO `device` (`device_id`, `nm_device`, `lokasi`, `posisi`, `created_at`, `updated_at`) VALUES
('METER01', 'Panel Listrik E7 A', 'Ruang Panel Listrik Lt. 1 E7', 'E7', NULL, NULL),
('METER02', 'Panel Listrik E7 B', 'Ruang Panel Listrik Lt.2 E7', 'E7', NULL, '2022-09-28 01:42:09');

-- --------------------------------------------------------

--
-- Struktur dari tabel `konsumsi_listrik`
--

CREATE TABLE `konsumsi_listrik` (
  `id` bigint(20) UNSIGNED NOT NULL,
  `device_id` varchar(255) COLLATE utf8mb4_unicode_ci DEFAULT NULL,
  `Current_A` double(11,2) NOT NULL,
  `Current_B` double(11,2) NOT NULL,
  `Current_C` double(11,2) NOT NULL,
  `Current_N` double(11,2) NOT NULL,
  `Current_G` double(11,2) NOT NULL,
  `Current_Avg` double(11,2) NOT NULL,
  `Voltage_A_B` double(11,2) NOT NULL,
  `Voltage_B_C` double(11,2) NOT NULL,
  `Voltage_C_A` double(11,2) NOT NULL,
  `Voltage_L_L_Avg` double(11,2) NOT NULL,
  `Voltage_A_N` double(11,2) NOT NULL,
  `Voltage_B_N` double(11,2) NOT NULL,
  `Voltage_C_N` double(11,2) NOT NULL,
  `Voltage_L_N_Avg` double(11,2) NOT NULL,
  `Active_Power_A` double(11,2) NOT NULL,
  `Active_Power_B` double(11,2) NOT NULL,
  `Active_Power_C` double(11,2) NOT NULL,
  `Active_Power_Total` double(11,2) NOT NULL,
  `Reactive_Power_A` double(11,2) NOT NULL,
  `Reactive_Power_B` double(11,2) NOT NULL,
  `Reactive_Power_C` double(11,2) NOT NULL,
  `Reactive_Power_Total` double(11,2) NOT NULL,
  `Apparent_Power_A` double(11,2) NOT NULL,
  `Apparent_Power_B` double(11,2) NOT NULL,
  `Apparent_Power_C` double(11,2) NOT NULL,
  `Apparent_Power_Total` double(11,2) NOT NULL,
  `Power_Factor_A` double(11,2) NOT NULL,
  `Power_Factor_B` double(11,2) NOT NULL,
  `Power_Factor_C` double(11,2) NOT NULL,
  `Power_Factor_Total` double(11,2) NOT NULL,
  `Displacement_Power_Factor_A` double(11,2) NOT NULL,
  `Displacement_Power_Factor_B` double(11,2) NOT NULL,
  `Displacement_Power_Factor_C` double(11,2) NOT NULL,
  `Displacement_Power_Factor_Total` double(11,2) NOT NULL,
  `Frequency` double(11,2) NOT NULL,
  `created_at` timestamp NULL DEFAULT current_timestamp(),
  `updated_at` timestamp NULL DEFAULT NULL ON UPDATE current_timestamp()
) ENGINE=InnoDB DEFAULT CHARSET=utf8mb4 COLLATE=utf8mb4_unicode_ci;

--
-- Dumping data untuk tabel `konsumsi_listrik`
--

INSERT INTO `konsumsi_listrik` (`id`, `device_id`, `Current_A`, `Current_B`, `Current_C`, `Current_N`, `Current_G`, `Current_Avg`, `Voltage_A_B`, `Voltage_B_C`, `Voltage_C_A`, `Voltage_L_L_Avg`, `Voltage_A_N`, `Voltage_B_N`, `Voltage_C_N`, `Voltage_L_N_Avg`, `Active_Power_A`, `Active_Power_B`, `Active_Power_C`, `Active_Power_Total`, `Reactive_Power_A`, `Reactive_Power_B`, `Reactive_Power_C`, `Reactive_Power_Total`, `Apparent_Power_A`, `Apparent_Power_B`, `Apparent_Power_C`, `Apparent_Power_Total`, `Power_Factor_A`, `Power_Factor_B`, `Power_Factor_C`, `Power_Factor_Total`, `Displacement_Power_Factor_A`, `Displacement_Power_Factor_B`, `Displacement_Power_Factor_C`, `Displacement_Power_Factor_Total`, `Frequency`, `created_at`, `updated_at`) VALUES
(1, 'METER01', 35.63, 21.55, 27.09, 14.13, 0.00, 28.09, 392.90, 393.94, 391.68, 392.84, 224.60, 229.55, 226.28, 226.81, 7.49, 3.89, 5.36, 16.75, 2.84, 3.06, 2.92, 8.83, 8.01, 4.95, 6.11, 19.07, 0.93, 0.79, 0.88, 0.88, 0.94, 0.79, 0.88, 0.87, 49.95, '2022-09-02 07:42:40', NULL),
(2, 'METER01', 35.65, 21.64, 27.02, 14.08, 0.00, 28.10, 393.19, 394.03, 391.71, 392.98, 224.77, 229.64, 226.25, 226.89, 7.49, 3.90, 5.37, 16.76, 2.85, 3.07, 2.93, 8.86, 8.02, 4.96, 6.12, 19.10, 0.93, 0.79, 0.88, 0.88, 0.94, 0.79, 0.88, 0.87, 49.95, '2022-09-02 07:42:35', NULL),
(3, 'METER01', 35.66, 21.60, 27.07, 14.08, 0.00, 28.11, 392.92, 393.80, 391.69, 392.80, 224.63, 229.50, 226.24, 226.79, 7.49, 3.90, 5.39, 16.78, 2.86, 3.05, 2.93, 8.84, 8.01, 4.95, 6.14, 19.10, 0.93, 0.79, 0.88, 0.88, 0.94, 0.79, 0.88, 0.87, 49.95, '2022-09-02 07:42:30', NULL),
(4, 'METER01', 35.67, 21.59, 27.09, 14.15, 0.00, 28.12, 393.08, 394.02, 391.81, 392.97, 224.69, 229.62, 226.34, 226.89, 7.50, 3.90, 5.38, 16.78, 2.84, 3.06, 2.94, 8.85, 8.02, 4.96, 6.13, 19.11, 0.93, 0.79, 0.88, 0.88, 0.94, 0.79, 0.88, 0.87, 49.95, '2022-09-02 07:42:25', NULL),
(5, 'METER01', 35.73, 21.59, 27.03, 14.06, 0.00, 28.11, 393.25, 393.99, 391.87, 393.04, 224.77, 229.65, 226.35, 226.92, 7.52, 3.89, 5.37, 16.78, 2.86, 3.07, 2.92, 8.85, 8.04, 4.96, 6.11, 19.11, 0.93, 0.78, 0.88, 0.88, 0.94, 0.79, 0.88, 0.87, 49.95, '2022-09-02 07:42:20', NULL),
(6, 'METER01', 35.77, 21.60, 27.01, 14.06, 0.00, 28.13, 393.27, 393.84, 391.68, 392.93, 224.76, 229.60, 226.22, 226.86, 7.52, 3.89, 5.37, 16.78, 2.86, 3.08, 2.92, 8.86, 8.05, 4.96, 6.11, 19.12, 0.93, 0.79, 0.88, 0.88, 0.94, 0.79, 0.88, 0.87, 49.94, '2022-09-02 07:42:15', NULL),
(7, 'METER01', 35.75, 21.55, 27.07, 14.06, 0.00, 28.12, 392.48, 393.37, 391.17, 392.34, 224.28, 229.29, 225.99, 226.52, 7.50, 3.89, 5.38, 16.76, 2.84, 3.05, 2.92, 8.81, 8.02, 4.94, 6.12, 19.08, 0.93, 0.79, 0.88, 0.88, 0.94, 0.79, 0.88, 0.87, 49.94, '2022-09-02 07:42:10', NULL),
(8, 'METER01', 35.73, 21.58, 27.07, 14.08, 0.00, 28.13, 393.07, 393.98, 391.74, 392.93, 224.64, 229.63, 226.31, 226.86, 7.50, 3.89, 5.37, 16.77, 2.85, 3.05, 2.93, 8.84, 8.03, 4.95, 6.12, 19.09, 0.93, 0.79, 0.88, 0.88, 0.94, 0.79, 0.88, 0.87, 49.94, '2022-09-02 07:42:05', NULL),
(9, 'METER01', 35.69, 21.57, 27.08, 14.04, 0.00, 28.12, 392.56, 393.40, 391.19, 392.39, 224.34, 229.35, 225.97, 226.55, 7.50, 3.89, 5.38, 16.77, 2.85, 3.05, 2.92, 8.81, 8.02, 4.94, 6.12, 19.08, 0.93, 0.79, 0.88, 0.88, 0.94, 0.79, 0.88, 0.87, 49.94, '2022-09-02 07:42:00', NULL),
(10, 'METER01', 35.74, 21.64, 26.95, 14.08, 0.00, 28.11, 393.30, 393.78, 391.61, 392.90, 224.79, 229.61, 226.12, 226.84, 7.52, 3.89, 5.36, 16.77, 2.85, 3.08, 2.91, 8.85, 8.04, 4.96, 6.10, 19.10, 0.94, 0.79, 0.88, 0.88, 0.94, 0.79, 0.88, 0.87, 49.95, '2022-09-02 07:41:55', NULL),
(11, 'METER01', 35.81, 21.59, 27.01, 14.18, 0.00, 28.14, 393.32, 394.09, 391.89, 393.10, 224.77, 229.74, 226.37, 226.96, 7.52, 3.89, 5.37, 16.78, 2.86, 3.06, 2.93, 8.85, 8.04, 4.95, 6.12, 19.12, 0.93, 0.79, 0.88, 0.88, 0.94, 0.79, 0.88, 0.87, 49.97, '2022-09-02 07:41:50', NULL),
(12, 'METER01', 35.73, 21.57, 27.03, 14.14, 0.00, 28.11, 393.40, 394.04, 392.02, 393.15, 224.89, 229.74, 226.35, 226.99, 7.50, 3.90, 5.38, 16.78, 2.85, 3.06, 2.92, 8.83, 8.03, 4.95, 6.12, 19.10, 0.93, 0.79, 0.88, 0.88, 0.94, 0.79, 0.88, 0.87, 50.00, '2022-09-02 07:41:45', NULL),
(13, 'METER01', 35.76, 21.57, 27.00, 14.17, 0.00, 28.11, 393.36, 394.09, 391.84, 393.10, 224.78, 229.76, 226.34, 226.96, 7.52, 3.90, 5.37, 16.78, 2.84, 3.07, 2.92, 8.83, 8.04, 4.96, 6.11, 19.11, 0.94, 0.79, 0.88, 0.88, 0.94, 0.79, 0.88, 0.87, 50.02, '2022-09-02 07:41:40', NULL),
(14, 'METER01', 35.78, 21.57, 26.92, 14.15, 0.00, 28.09, 393.30, 393.91, 391.68, 392.96, 224.83, 229.61, 226.21, 226.88, 7.53, 3.89, 5.36, 16.77, 2.84, 3.07, 2.90, 8.81, 8.04, 4.95, 6.09, 19.09, 0.94, 0.78, 0.88, 0.88, 0.94, 0.78, 0.88, 0.87, 50.03, '2022-09-02 07:41:35', NULL),
(15, 'METER01', 35.68, 21.54, 26.98, 14.07, 0.00, 28.07, 393.60, 394.24, 392.09, 393.31, 224.99, 229.85, 226.40, 227.08, 7.51, 3.89, 5.36, 16.76, 2.85, 3.07, 2.92, 8.84, 8.03, 4.96, 6.11, 19.10, 0.94, 0.78, 0.88, 0.88, 0.94, 0.78, 0.88, 0.87, 50.03, '2022-09-02 07:41:30', NULL),
(16, 'METER01', 35.73, 21.59, 26.97, 14.14, 0.00, 28.09, 393.70, 394.29, 392.08, 393.35, 224.97, 229.92, 226.43, 227.11, 7.51, 3.89, 5.36, 16.76, 2.85, 3.08, 2.91, 8.84, 8.04, 4.96, 6.10, 19.10, 0.93, 0.78, 0.88, 0.88, 0.94, 0.78, 0.88, 0.87, 50.03, '2022-09-02 07:41:25', NULL),
(17, 'METER01', 35.78, 21.51, 27.02, 14.10, 0.00, 28.10, 393.22, 393.94, 391.77, 392.98, 224.74, 229.62, 226.32, 226.89, 7.51, 3.89, 5.37, 16.78, 2.85, 3.06, 2.91, 8.82, 8.03, 4.95, 6.11, 19.09, 0.94, 0.79, 0.88, 0.88, 0.94, 0.79, 0.88, 0.87, 50.02, '2022-09-02 07:41:20', NULL),
(18, 'METER01', 35.81, 21.60, 26.92, 14.07, 0.00, 28.11, 393.69, 394.10, 391.96, 393.25, 225.02, 229.80, 226.32, 227.05, 7.52, 3.89, 5.37, 16.78, 2.86, 3.08, 2.92, 8.85, 8.05, 4.96, 6.11, 19.12, 0.93, 0.78, 0.88, 0.88, 0.94, 0.78, 0.88, 0.87, 50.01, '2022-09-02 07:41:15', NULL),
(19, 'METER01', 35.78, 21.52, 26.98, 14.12, 0.00, 28.09, 392.57, 393.30, 391.12, 392.33, 224.33, 229.31, 225.91, 226.52, 7.52, 3.89, 5.36, 16.76, 2.83, 3.05, 2.90, 8.78, 8.03, 4.94, 6.09, 19.07, 0.94, 0.79, 0.88, 0.88, 0.94, 0.79, 0.88, 0.87, 50.01, '2022-09-02 07:41:10', NULL),
(20, 'METER01', 35.68, 21.50, 27.04, 14.12, 0.00, 28.07, 393.11, 393.80, 391.66, 392.86, 224.67, 229.56, 226.24, 226.82, 7.51, 3.88, 5.37, 16.76, 2.84, 3.06, 2.90, 8.80, 8.03, 4.94, 6.10, 19.07, 0.93, 0.79, 0.88, 0.88, 0.94, 0.79, 0.88, 0.87, 50.02, '2022-09-02 07:41:05', NULL),
(21, 'METER01', 35.73, 21.48, 27.06, 14.15, 0.00, 28.09, 392.90, 393.72, 391.63, 392.75, 224.56, 229.51, 226.21, 226.76, 7.50, 3.88, 5.39, 16.77, 2.84, 3.04, 2.91, 8.79, 8.02, 4.93, 6.12, 19.07, 0.94, 0.79, 0.88, 0.88, 0.94, 0.79, 0.88, 0.87, 50.03, '2022-09-02 07:41:00', NULL),
(22, 'METER01', 35.75, 21.51, 27.06, 14.15, 0.00, 28.11, 393.72, 394.36, 392.37, 393.48, 225.07, 229.83, 226.64, 227.18, 7.53, 3.88, 5.39, 16.80, 2.87, 3.07, 2.91, 8.85, 8.06, 4.95, 6.12, 19.13, 0.93, 0.78, 0.88, 0.88, 0.94, 0.78, 0.88, 0.87, 50.02, '2022-09-02 07:40:55', NULL),
(23, 'METER01', 35.84, 21.56, 27.04, 14.24, 0.00, 28.15, 392.73, 393.37, 391.24, 392.45, 224.42, 229.35, 225.98, 226.58, 7.53, 3.89, 5.39, 16.80, 2.84, 3.05, 2.90, 8.79, 8.05, 4.94, 6.12, 19.11, 0.94, 0.79, 0.88, 0.88, 0.94, 0.79, 0.88, 0.87, 50.02, '2022-09-02 07:40:50', NULL),
(24, 'METER01', 35.80, 21.57, 27.12, 14.10, 0.00, 28.16, 393.42, 394.22, 392.15, 393.26, 224.89, 229.74, 226.54, 227.06, 7.52, 3.90, 5.41, 16.82, 2.87, 3.05, 2.93, 8.85, 8.05, 4.95, 6.15, 19.15, 0.93, 0.79, 0.88, 0.88, 0.94, 0.79, 0.88, 0.87, 50.01, '2022-09-02 07:40:45', NULL),
(25, 'METER01', 35.85, 21.55, 27.12, 14.17, 0.00, 28.17, 392.58, 393.24, 391.18, 392.33, 224.36, 229.25, 225.94, 226.52, 7.52, 3.89, 5.40, 16.81, 2.84, 3.03, 2.90, 8.77, 8.04, 4.94, 6.12, 19.10, 0.94, 0.79, 0.88, 0.88, 0.94, 0.79, 0.88, 0.87, 50.01, '2022-09-02 07:40:40', NULL),
(26, 'METER01', 35.87, 21.59, 27.11, 14.12, 0.00, 28.19, 393.15, 393.73, 391.56, 392.81, 224.71, 229.52, 226.15, 226.80, 7.54, 3.90, 5.38, 16.82, 2.85, 3.07, 2.90, 8.82, 8.06, 4.96, 6.12, 19.14, 0.94, 0.79, 0.88, 0.88, 0.94, 0.79, 0.88, 0.87, 49.99, '2022-09-02 07:40:35', NULL),
(27, 'METER01', 35.86, 21.58, 27.11, 14.12, 0.00, 28.18, 392.66, 393.27, 391.23, 392.38, 224.46, 229.22, 225.96, 226.55, 7.53, 3.90, 5.40, 16.83, 2.85, 3.04, 2.90, 8.79, 8.05, 4.94, 6.13, 19.13, 0.94, 0.79, 0.88, 0.88, 0.94, 0.79, 0.88, 0.87, 49.98, '2022-09-02 07:40:30', NULL),
(28, 'METER01', 35.76, 21.59, 27.12, 14.11, 0.00, 28.16, 392.95, 393.80, 391.59, 392.78, 224.53, 229.54, 226.25, 226.78, 7.51, 3.91, 5.39, 16.80, 2.85, 3.05, 2.93, 8.83, 8.03, 4.96, 6.14, 19.12, 0.93, 0.79, 0.88, 0.88, 0.94, 0.79, 0.88, 0.87, 49.97, '2022-09-02 07:40:25', NULL),
(29, 'METER01', 35.78, 21.54, 27.08, 14.16, 0.00, 28.13, 393.27, 393.87, 391.93, 393.02, 224.79, 229.62, 226.34, 226.92, 7.51, 3.89, 5.38, 16.78, 2.85, 3.05, 2.90, 8.80, 8.03, 4.94, 6.12, 19.09, 0.94, 0.79, 0.88, 0.88, 0.94, 0.79, 0.88, 0.87, 49.97, '2022-09-02 07:40:20', NULL),
(30, 'METER01', 35.77, 21.58, 27.00, 14.11, 0.00, 28.12, 393.37, 393.97, 391.89, 393.08, 224.87, 229.63, 226.34, 226.95, 7.51, 3.88, 5.38, 16.77, 2.86, 3.06, 2.92, 8.84, 8.04, 4.95, 6.12, 19.10, 0.93, 0.79, 0.88, 0.88, 0.94, 0.79, 0.88, 0.87, 49.97, '2022-09-02 07:40:15', NULL),
(31, 'METER01', 35.75, 21.50, 27.02, 14.10, 0.00, 28.09, 392.59, 393.20, 391.16, 392.32, 224.45, 229.16, 225.91, 226.51, 7.50, 3.88, 5.38, 16.76, 2.85, 3.04, 2.89, 8.78, 8.02, 4.93, 6.11, 19.06, 0.93, 0.78, 0.88, 0.88, 0.94, 0.79, 0.88, 0.87, 49.98, '2022-09-02 07:40:10', NULL),
(32, 'METER01', 35.66, 21.50, 27.05, 14.12, 0.00, 28.07, 392.96, 393.88, 391.83, 392.89, 224.66, 229.49, 226.36, 226.84, 7.49, 3.89, 5.38, 16.76, 2.85, 3.04, 2.92, 8.81, 8.01, 4.93, 6.12, 19.07, 0.93, 0.79, 0.88, 0.88, 0.94, 0.79, 0.88, 0.87, 49.99, '2022-09-02 07:40:05', NULL),
(33, 'METER01', 35.65, 21.46, 27.04, 14.03, 0.00, 28.05, 393.01, 393.99, 391.98, 392.99, 224.69, 229.55, 226.45, 226.90, 7.47, 3.89, 5.38, 16.74, 2.85, 3.04, 2.93, 8.82, 8.00, 4.93, 6.13, 19.06, 0.93, 0.79, 0.88, 0.88, 0.94, 0.79, 0.88, 0.87, 49.99, '2022-09-02 07:40:00', NULL),
(34, 'METER01', 35.65, 21.47, 27.02, 14.00, 0.00, 28.05, 392.92, 393.70, 391.71, 392.78, 224.67, 229.42, 226.24, 226.78, 7.49, 3.87, 5.37, 16.73, 2.85, 3.04, 2.91, 8.81, 8.01, 4.92, 6.10, 19.04, 0.93, 0.79, 0.88, 0.88, 0.94, 0.79, 0.88, 0.87, 49.98, '2022-09-02 07:39:55', NULL),
(35, 'METER01', 35.67, 21.49, 26.96, 14.04, 0.00, 28.04, 392.99, 393.66, 391.56, 392.74, 224.64, 229.43, 226.18, 226.75, 7.49, 3.87, 5.36, 16.72, 2.85, 3.05, 2.91, 8.81, 8.01, 4.93, 6.10, 19.04, 0.93, 0.79, 0.88, 0.88, 0.94, 0.79, 0.88, 0.87, 49.98, '2022-09-02 07:39:50', NULL),
(36, 'METER01', 35.63, 21.47, 27.02, 14.10, 0.00, 28.04, 393.11, 393.94, 391.95, 393.00, 224.74, 229.59, 226.38, 226.90, 7.49, 3.86, 5.37, 16.72, 2.87, 3.05, 2.92, 8.83, 8.02, 4.92, 6.11, 19.05, 0.93, 0.79, 0.88, 0.88, 0.93, 0.79, 0.88, 0.87, 49.96, '2022-09-02 07:39:45', NULL),
(37, 'METER01', 35.63, 21.44, 27.04, 14.07, 0.00, 28.04, 392.75, 393.70, 391.66, 392.70, 224.53, 229.35, 226.31, 226.73, 7.47, 3.87, 5.38, 16.72, 2.86, 3.03, 2.93, 8.82, 8.00, 4.92, 6.12, 19.04, 0.93, 0.79, 0.88, 0.88, 0.93, 0.79, 0.88, 0.87, 49.96, '2022-09-02 07:39:40', NULL),
(38, 'METER01', 35.66, 21.48, 26.96, 14.11, 0.00, 28.03, 393.53, 394.19, 392.16, 393.30, 224.97, 229.69, 226.56, 227.07, 7.49, 3.86, 5.36, 16.71, 2.88, 3.07, 2.93, 8.87, 8.02, 4.93, 6.11, 19.06, 0.93, 0.78, 0.88, 0.88, 0.93, 0.78, 0.88, 0.87, 49.96, '2022-09-02 07:39:35', NULL),
(39, 'METER01', 35.69, 21.47, 26.98, 14.13, 0.00, 28.05, 393.18, 393.78, 391.73, 392.90, 224.75, 229.52, 226.26, 226.84, 7.49, 3.86, 5.37, 16.72, 2.87, 3.06, 2.92, 8.86, 8.02, 4.93, 6.11, 19.07, 0.93, 0.78, 0.88, 0.88, 0.93, 0.78, 0.88, 0.87, 49.96, '2022-09-02 07:39:30', NULL),
(40, 'METER01', 35.63, 21.47, 27.08, 14.15, 0.00, 28.06, 392.86, 393.67, 391.56, 392.70, 224.55, 229.44, 226.20, 226.73, 7.49, 3.87, 5.38, 16.73, 2.85, 3.05, 2.92, 8.82, 8.01, 4.93, 6.12, 19.06, 0.93, 0.79, 0.88, 0.88, 0.94, 0.79, 0.88, 0.87, 49.96, '2022-09-02 07:39:25', NULL),
(41, 'METER01', 35.74, 21.50, 27.10, 14.09, 0.00, 28.11, 393.43, 394.17, 392.27, 393.29, 224.91, 229.71, 226.59, 227.07, 7.50, 3.87, 5.40, 16.77, 2.88, 3.05, 2.93, 8.87, 8.03, 4.93, 6.14, 19.11, 0.93, 0.79, 0.88, 0.88, 0.94, 0.79, 0.88, 0.87, 49.97, '2022-09-02 07:39:20', NULL),
(42, 'METER01', 35.83, 21.53, 27.08, 14.12, 0.00, 28.15, 393.07, 393.58, 391.63, 392.76, 224.70, 229.43, 226.16, 226.76, 7.53, 3.87, 5.40, 16.80, 2.86, 3.04, 2.89, 8.78, 8.06, 4.92, 6.12, 19.09, 0.93, 0.79, 0.88, 0.88, 0.94, 0.79, 0.88, 0.87, 49.98, '2022-09-02 07:39:15', NULL),
(43, 'METER01', 35.88, 21.50, 27.05, 14.03, 0.00, 28.15, 393.00, 393.31, 391.59, 392.63, 224.71, 229.27, 226.09, 226.69, 7.53, 3.87, 5.41, 16.80, 2.88, 3.05, 2.90, 8.83, 8.06, 4.92, 6.13, 19.12, 0.93, 0.79, 0.88, 0.88, 0.94, 0.79, 0.88, 0.87, 49.99, '2022-09-02 07:39:10', NULL),
(44, 'METER01', 35.80, 21.45, 27.16, 14.04, 0.00, 28.14, 392.38, 392.85, 391.14, 392.12, 224.37, 228.94, 225.89, 226.40, 7.52, 3.87, 5.41, 16.79, 2.86, 3.03, 2.88, 8.77, 8.04, 4.91, 6.13, 19.08, 0.93, 0.79, 0.88, 0.88, 0.94, 0.79, 0.88, 0.87, 49.99, '2022-09-02 07:39:05', NULL),
(45, 'METER01', 35.81, 21.39, 27.21, 14.11, 0.00, 28.14, 392.54, 393.17, 391.70, 392.47, 224.49, 229.05, 226.25, 226.60, 7.51, 3.86, 5.43, 16.80, 2.87, 3.02, 2.91, 8.79, 8.04, 4.90, 6.16, 19.09, 0.93, 0.79, 0.88, 0.88, 0.94, 0.79, 0.88, 0.87, 50.00, '2022-09-02 07:39:00', NULL),
(46, 'METER01', 35.95, 21.41, 27.16, 14.19, 0.00, 28.17, 392.27, 392.69, 391.16, 392.04, 224.30, 228.82, 225.93, 226.35, 7.54, 3.85, 5.42, 16.81, 2.86, 3.00, 2.87, 8.73, 8.06, 4.88, 6.14, 19.08, 0.93, 0.79, 0.88, 0.88, 0.94, 0.79, 0.88, 0.87, 49.99, '2022-09-02 07:38:55', NULL),
(47, 'METER01', 35.91, 21.44, 27.18, 14.13, 0.00, 28.18, 392.52, 393.07, 391.38, 392.32, 224.42, 229.00, 226.11, 226.51, 7.52, 3.88, 5.41, 16.81, 2.86, 3.03, 2.90, 8.79, 8.05, 4.92, 6.14, 19.11, 0.93, 0.79, 0.88, 0.88, 0.94, 0.79, 0.88, 0.87, 49.98, '2022-09-02 07:38:50', NULL),
(48, 'METER01', 35.92, 21.47, 27.16, 14.19, 0.00, 28.18, 392.35, 392.79, 391.13, 392.09, 224.32, 228.89, 225.93, 226.38, 7.53, 3.87, 5.42, 16.81, 2.86, 3.03, 2.89, 8.78, 8.06, 4.91, 6.14, 19.11, 0.93, 0.79, 0.88, 0.88, 0.94, 0.79, 0.88, 0.87, 49.98, '2022-09-02 07:38:45', NULL),
(49, 'METER01', 35.98, 21.43, 27.25, 14.21, 0.00, 28.22, 392.29, 392.75, 391.30, 392.11, 224.29, 228.84, 226.04, 226.39, 7.53, 3.86, 5.46, 16.85, 2.90, 3.01, 2.90, 8.80, 8.07, 4.89, 6.18, 19.14, 0.93, 0.79, 0.88, 0.88, 0.93, 0.79, 0.88, 0.87, 49.98, '2022-09-02 07:38:40', NULL),
(50, 'METER01', 36.01, 21.34, 27.32, 14.20, 0.00, 28.22, 392.17, 392.47, 391.33, 391.99, 224.33, 228.63, 226.00, 226.32, 7.53, 3.86, 5.46, 16.84, 2.89, 3.00, 2.88, 8.77, 8.07, 4.89, 6.17, 19.12, 0.93, 0.79, 0.88, 0.88, 0.93, 0.79, 0.89, 0.87, 49.97, '2022-09-02 07:38:35', NULL),
(51, 'METER01', 35.97, 21.42, 27.31, 14.12, 0.00, 28.23, 392.31, 392.72, 391.45, 392.16, 224.35, 228.78, 226.13, 226.42, 7.53, 3.87, 5.46, 16.86, 2.88, 3.01, 2.89, 8.79, 8.06, 4.90, 6.18, 19.14, 0.93, 0.79, 0.88, 0.88, 0.94, 0.79, 0.89, 0.87, 49.98, '2022-09-02 07:38:30', NULL),
(52, 'METER01', 36.00, 21.46, 27.25, 14.19, 0.00, 28.23, 391.82, 392.15, 390.74, 391.57, 224.02, 228.49, 225.73, 226.08, 7.54, 3.87, 5.45, 16.86, 2.86, 3.00, 2.86, 8.71, 8.06, 4.89, 6.15, 19.11, 0.94, 0.79, 0.89, 0.88, 0.94, 0.79, 0.89, 0.87, 50.00, '2022-09-02 07:38:25', NULL),
(53, 'METER01', 35.94, 21.35, 27.29, 14.11, 0.00, 28.19, 392.31, 392.73, 391.64, 392.22, 224.39, 228.78, 226.20, 226.46, 7.54, 3.86, 5.45, 16.85, 2.88, 3.00, 2.88, 8.76, 8.07, 4.89, 6.17, 19.12, 0.93, 0.79, 0.88, 0.88, 0.94, 0.79, 0.89, 0.87, 50.01, '2022-09-02 07:38:20', NULL),
(54, 'METER01', 36.05, 21.37, 27.22, 14.15, 0.00, 28.22, 392.72, 393.18, 392.04, 392.64, 224.62, 229.03, 226.45, 226.70, 7.56, 3.86, 5.46, 16.87, 2.89, 3.01, 2.90, 8.80, 8.09, 4.89, 6.18, 19.17, 0.93, 0.79, 0.88, 0.88, 0.94, 0.79, 0.89, 0.87, 50.00, '2022-09-02 07:38:15', NULL),
(55, 'METER01', 36.00, 21.38, 27.20, 14.07, 0.00, 28.19, 392.51, 392.53, 391.40, 392.15, 224.44, 228.79, 226.01, 226.41, 7.55, 3.85, 5.44, 16.84, 2.88, 3.02, 2.86, 8.76, 8.08, 4.89, 6.15, 19.12, 0.93, 0.79, 0.88, 0.88, 0.94, 0.79, 0.89, 0.87, 50.01, '2022-09-02 07:38:10', NULL),
(56, 'METER01', 35.96, 21.41, 27.25, 14.10, 0.00, 28.21, 392.69, 393.08, 391.80, 392.52, 224.54, 229.03, 226.31, 226.63, 7.54, 3.87, 5.45, 16.86, 2.88, 3.02, 2.89, 8.79, 8.08, 4.90, 6.17, 19.15, 0.93, 0.79, 0.88, 0.88, 0.94, 0.79, 0.89, 0.87, 50.01, '2022-09-02 07:38:05', NULL),
(57, 'METER01', 35.93, 21.36, 27.34, 14.08, 0.00, 28.21, 392.30, 392.71, 391.49, 392.17, 224.30, 228.84, 226.12, 226.42, 7.53, 3.87, 5.45, 16.85, 2.88, 3.00, 2.88, 8.76, 8.07, 4.90, 6.17, 19.13, 0.93, 0.79, 0.88, 0.88, 0.93, 0.79, 0.88, 0.87, 50.01, '2022-09-02 07:38:00', NULL),
(58, 'METER01', 35.93, 21.39, 27.29, 14.10, 0.00, 28.20, 392.68, 393.06, 391.92, 392.55, 224.60, 228.98, 226.36, 226.65, 7.53, 3.87, 5.46, 16.86, 2.89, 3.01, 2.89, 8.79, 8.07, 4.90, 6.18, 19.14, 0.93, 0.79, 0.88, 0.88, 0.93, 0.79, 0.88, 0.87, 50.02, '2022-09-02 07:37:55', NULL),
(59, 'METER01', 35.94, 21.39, 27.27, 14.16, 0.00, 28.20, 392.62, 393.08, 391.86, 392.52, 224.53, 228.97, 226.38, 226.62, 7.54, 3.86, 5.46, 16.86, 2.89, 3.01, 2.89, 8.79, 8.07, 4.90, 6.18, 19.15, 0.93, 0.79, 0.88, 0.88, 0.93, 0.79, 0.88, 0.87, 50.02, '2022-09-02 07:37:50', NULL),
(60, 'METER01', 35.99, 21.42, 27.21, 14.12, 0.00, 28.21, 392.58, 392.84, 391.60, 392.34, 224.50, 228.89, 226.19, 226.52, 7.55, 3.86, 5.45, 16.86, 2.88, 3.01, 2.87, 8.77, 8.08, 4.89, 6.16, 19.13, 0.93, 0.79, 0.88, 0.88, 0.94, 0.79, 0.89, 0.87, 50.02, '2022-09-02 07:37:45', NULL),
(61, 'METER01', 35.95, 21.38, 27.31, 14.21, 0.00, 28.21, 392.47, 392.97, 391.78, 392.41, 224.44, 228.93, 226.32, 226.56, 7.54, 3.86, 5.46, 16.86, 2.87, 3.00, 2.88, 8.76, 8.07, 4.89, 6.17, 19.13, 0.93, 0.79, 0.88, 0.88, 0.94, 0.79, 0.88, 0.87, 50.03, '2022-09-02 07:37:40', NULL),
(62, 'METER01', 35.95, 21.43, 27.25, 14.16, 0.00, 28.21, 392.51, 392.83, 391.54, 392.29, 224.45, 228.86, 226.18, 226.50, 7.54, 3.87, 5.45, 16.86, 2.87, 3.01, 2.88, 8.76, 8.07, 4.90, 6.16, 19.14, 0.93, 0.79, 0.88, 0.88, 0.94, 0.79, 0.89, 0.87, 50.03, '2022-09-02 07:37:35', NULL),
(63, 'METER01', 35.96, 21.41, 27.29, 14.12, 0.00, 28.22, 392.15, 392.51, 391.26, 391.97, 224.26, 228.70, 225.97, 226.31, 7.54, 3.87, 5.46, 16.86, 2.87, 3.00, 2.87, 8.75, 8.06, 4.90, 6.17, 19.13, 0.93, 0.79, 0.88, 0.88, 0.94, 0.79, 0.89, 0.87, 50.03, '2022-09-02 07:37:30', NULL),
(64, 'METER01', 35.94, 21.43, 27.29, 14.12, 0.00, 28.22, 391.91, 392.31, 390.94, 391.72, 224.10, 228.55, 225.83, 226.16, 7.54, 3.87, 5.45, 16.85, 2.87, 3.01, 2.88, 8.75, 8.06, 4.90, 6.16, 19.12, 0.93, 0.79, 0.88, 0.88, 0.94, 0.79, 0.89, 0.87, 50.02, '2022-09-02 07:37:25', NULL),
(65, 'METER01', 35.94, 21.35, 27.35, 14.11, 0.00, 28.22, 392.31, 392.78, 391.69, 392.26, 224.40, 228.78, 226.25, 226.48, 7.53, 3.86, 5.47, 16.87, 2.88, 2.99, 2.89, 8.76, 8.07, 4.89, 6.19, 19.14, 0.93, 0.79, 0.88, 0.88, 0.94, 0.79, 0.89, 0.87, 50.03, '2022-09-02 07:37:20', NULL),
(66, 'METER01', 36.03, 21.41, 27.34, 14.06, 0.00, 28.26, 392.55, 392.84, 391.69, 392.36, 224.51, 228.89, 226.19, 226.53, 7.55, 3.87, 5.47, 16.90, 2.89, 3.01, 2.88, 8.77, 8.09, 4.90, 6.18, 19.17, 0.93, 0.79, 0.88, 0.88, 0.93, 0.79, 0.89, 0.87, 50.03, '2022-09-02 07:37:15', NULL),
(67, 'METER01', 36.04, 21.44, 27.28, 14.11, 0.00, 28.25, 392.75, 393.03, 391.84, 392.54, 224.62, 229.01, 226.30, 226.64, 7.56, 3.87, 5.47, 16.89, 2.89, 3.01, 2.88, 8.79, 8.09, 4.90, 6.18, 19.17, 0.93, 0.79, 0.88, 0.88, 0.93, 0.79, 0.89, 0.87, 50.03, '2022-09-02 07:37:10', NULL),
(68, 'METER01', 35.92, 21.47, 27.28, 14.07, 0.00, 28.23, 392.66, 393.22, 391.76, 392.55, 224.52, 229.06, 226.35, 226.64, 7.55, 3.88, 5.46, 16.88, 2.88, 3.01, 2.89, 8.78, 8.08, 4.91, 6.17, 19.16, 0.93, 0.79, 0.88, 0.88, 0.94, 0.79, 0.88, 0.87, 50.04, '2022-09-02 07:37:05', NULL),
(69, 'METER01', 35.96, 21.44, 27.28, 14.13, 0.00, 28.23, 392.82, 393.18, 391.88, 392.63, 224.60, 229.11, 226.36, 226.69, 7.54, 3.88, 5.46, 16.88, 2.88, 3.01, 2.89, 8.79, 8.08, 4.91, 6.18, 19.17, 0.93, 0.79, 0.88, 0.88, 0.94, 0.79, 0.88, 0.87, 50.04, '2022-09-02 07:37:00', NULL),
(70, 'METER01', 35.96, 21.47, 27.24, 14.14, 0.00, 28.22, 392.95, 393.29, 391.88, 392.71, 224.64, 229.19, 226.38, 226.74, 7.55, 3.88, 5.45, 16.87, 2.88, 3.03, 2.89, 8.80, 8.08, 4.92, 6.17, 19.17, 0.93, 0.79, 0.88, 0.88, 0.94, 0.79, 0.88, 0.87, 50.05, '2022-09-02 07:36:55', NULL),
(71, 'METER01', 35.95, 21.44, 27.27, 14.12, 0.00, 28.22, 392.57, 392.87, 391.60, 392.35, 224.48, 228.96, 226.16, 226.53, 7.55, 3.88, 5.45, 16.89, 2.87, 3.02, 2.88, 8.77, 8.08, 4.91, 6.17, 19.16, 0.93, 0.79, 0.88, 0.88, 0.94, 0.79, 0.89, 0.87, 50.05, '2022-09-02 07:36:50', NULL),
(72, 'METER01', 35.95, 21.44, 27.26, 14.11, 0.00, 28.21, 393.03, 393.47, 392.12, 392.88, 224.75, 229.24, 226.50, 226.83, 7.54, 3.87, 5.45, 16.87, 2.89, 3.02, 2.90, 8.81, 8.08, 4.92, 6.17, 19.17, 0.93, 0.79, 0.88, 0.88, 0.94, 0.79, 0.88, 0.87, 50.05, '2022-09-02 07:36:45', NULL),
(73, 'METER01', 35.92, 21.39, 27.30, 14.10, 0.00, 28.20, 392.98, 393.53, 392.22, 392.91, 224.70, 229.27, 226.59, 226.85, 7.53, 3.87, 5.46, 16.87, 2.89, 3.01, 2.91, 8.81, 8.07, 4.90, 6.19, 19.16, 0.93, 0.79, 0.88, 0.88, 0.93, 0.79, 0.88, 0.87, 50.04, '2022-09-02 07:36:40', NULL),
(74, 'METER01', 35.99, 21.40, 27.23, 14.10, 0.00, 28.21, 393.31, 393.67, 392.32, 393.10, 224.89, 229.36, 226.64, 226.96, 7.55, 3.87, 5.44, 16.87, 2.90, 3.03, 2.90, 8.83, 8.09, 4.92, 6.17, 19.18, 0.93, 0.79, 0.88, 0.88, 0.93, 0.79, 0.88, 0.87, 50.03, '2022-09-02 07:36:35', NULL),
(75, 'METER01', 35.99, 21.49, 27.21, 14.09, 0.00, 28.23, 393.17, 393.51, 391.97, 392.88, 224.78, 229.33, 226.40, 226.84, 7.56, 3.87, 5.44, 16.87, 2.90, 3.04, 2.90, 8.84, 8.09, 4.92, 6.17, 19.19, 0.93, 0.79, 0.88, 0.88, 0.94, 0.79, 0.88, 0.87, 50.02, '2022-09-02 07:36:30', NULL),
(76, 'METER01', 35.96, 21.34, 27.26, 14.11, 0.00, 28.19, 393.08, 393.44, 392.01, 392.84, 224.74, 229.24, 226.45, 226.81, 7.54, 3.85, 5.45, 16.85, 2.91, 3.01, 2.89, 8.82, 8.08, 4.89, 6.18, 19.15, 0.93, 0.79, 0.88, 0.88, 0.93, 0.79, 0.88, 0.87, 50.01, '2022-09-02 07:36:25', NULL),
(77, 'METER01', 35.96, 21.40, 27.22, 14.15, 0.00, 28.19, 393.53, 393.80, 392.60, 393.31, 225.09, 229.40, 226.76, 227.08, 7.55, 3.86, 5.45, 16.85, 2.91, 3.04, 2.90, 8.86, 8.09, 4.91, 6.17, 19.18, 0.93, 0.79, 0.88, 0.88, 0.93, 0.79, 0.88, 0.87, 50.01, '2022-09-02 07:36:20', NULL),
(78, 'METER01', 35.98, 21.42, 27.25, 14.19, 0.00, 28.22, 393.65, 393.93, 392.64, 393.41, 225.10, 229.52, 226.79, 227.14, 7.56, 3.86, 5.44, 16.86, 2.91, 3.05, 2.90, 8.85, 8.10, 4.92, 6.16, 19.18, 0.93, 0.79, 0.88, 0.88, 0.93, 0.79, 0.88, 0.87, 50.01, '2022-09-02 07:36:15', NULL),
(79, 'METER01', 35.92, 21.43, 27.23, 14.17, 0.00, 28.20, 393.39, 393.79, 392.46, 393.21, 224.98, 229.39, 226.72, 227.03, 7.54, 3.87, 5.45, 16.86, 2.90, 3.03, 2.91, 8.84, 8.08, 4.92, 6.17, 19.17, 0.93, 0.79, 0.88, 0.88, 0.93, 0.79, 0.88, 0.87, 50.02, '2022-09-02 07:36:10', NULL),
(80, 'METER01', 36.00, 21.40, 27.21, 14.17, 0.00, 28.20, 393.62, 393.80, 392.57, 393.33, 225.14, 229.42, 226.72, 227.09, 7.56, 3.85, 5.45, 16.86, 2.91, 3.04, 2.90, 8.85, 8.10, 4.91, 6.17, 19.18, 0.93, 0.78, 0.88, 0.88, 0.93, 0.79, 0.88, 0.87, 50.02, '2022-09-02 07:36:05', NULL),
(81, 'METER01', 35.98, 21.44, 27.23, 14.21, 0.00, 28.22, 393.57, 393.84, 392.45, 393.29, 225.09, 229.50, 226.62, 227.07, 7.56, 3.87, 5.44, 16.88, 2.90, 3.04, 2.91, 8.85, 8.10, 4.92, 6.17, 19.20, 0.93, 0.79, 0.88, 0.88, 0.93, 0.79, 0.88, 0.87, 50.01, '2022-09-02 07:36:00', NULL),
(82, 'METER01', 36.04, 21.48, 27.19, 14.08, 0.00, 28.24, 393.91, 393.99, 392.72, 393.54, 225.29, 229.61, 226.75, 227.22, 7.57, 3.87, 5.45, 16.89, 2.91, 3.05, 2.90, 8.86, 8.11, 4.92, 6.17, 19.21, 0.93, 0.78, 0.88, 0.88, 0.93, 0.78, 0.88, 0.87, 50.00, '2022-09-02 07:35:55', NULL),
(83, 'METER01', 35.98, 21.47, 27.24, 14.09, 0.00, 28.23, 393.56, 393.78, 392.57, 393.30, 225.13, 229.45, 226.66, 227.08, 7.56, 3.87, 5.45, 16.89, 2.91, 3.05, 2.91, 8.87, 8.10, 4.93, 6.18, 19.21, 0.93, 0.79, 0.88, 0.88, 0.93, 0.79, 0.88, 0.87, 50.00, '2022-09-02 07:35:50', NULL),
(84, 'METER01', 35.99, 21.49, 27.19, 14.06, 0.00, 28.22, 393.61, 393.89, 392.48, 393.33, 225.11, 229.50, 226.66, 227.09, 7.56, 3.87, 5.44, 16.87, 2.90, 3.06, 2.90, 8.86, 8.10, 4.93, 6.16, 19.20, 0.93, 0.79, 0.88, 0.88, 0.93, 0.79, 0.88, 0.87, 50.00, '2022-09-02 07:35:45', NULL),
(85, 'METER01', 35.99, 21.45, 27.20, 14.08, 0.00, 28.21, 393.35, 393.57, 392.21, 393.04, 224.95, 229.36, 226.47, 226.93, 7.56, 3.86, 5.43, 16.86, 2.90, 3.05, 2.90, 8.84, 8.09, 4.92, 6.16, 19.17, 0.93, 0.79, 0.88, 0.88, 0.93, 0.79, 0.88, 0.87, 50.00, '2022-09-02 07:35:40', NULL),
(86, 'METER01', 35.93, 21.42, 27.19, 14.13, 0.00, 28.18, 393.15, 393.58, 392.19, 392.97, 224.87, 229.30, 226.50, 226.89, 7.54, 3.86, 5.43, 16.84, 2.89, 3.04, 2.90, 8.83, 8.08, 4.91, 6.16, 19.15, 0.93, 0.79, 0.88, 0.88, 0.93, 0.79, 0.88, 0.87, 49.99, '2022-09-02 07:35:35', NULL),
(87, 'METER01', 35.90, 21.42, 27.20, 14.18, 0.00, 28.17, 393.39, 393.88, 392.48, 393.25, 225.01, 229.46, 226.68, 227.05, 7.54, 3.86, 5.43, 16.83, 2.90, 3.04, 2.92, 8.86, 8.08, 4.91, 6.17, 19.16, 0.93, 0.79, 0.88, 0.88, 0.93, 0.79, 0.88, 0.87, 49.98, '2022-09-02 07:35:30', NULL),
(88, 'METER01', 35.87, 21.43, 27.19, 14.11, 0.00, 28.16, 393.50, 393.97, 392.49, 393.32, 225.05, 229.50, 226.72, 227.09, 7.54, 3.86, 5.42, 16.82, 2.90, 3.05, 2.92, 8.87, 8.08, 4.92, 6.16, 19.15, 0.93, 0.78, 0.88, 0.88, 0.93, 0.78, 0.88, 0.87, 49.97, '2022-09-02 07:35:25', NULL),
(89, 'METER01', 35.91, 21.44, 27.16, 14.14, 0.00, 28.17, 393.61, 393.93, 392.51, 393.35, 225.11, 229.49, 226.71, 227.11, 7.54, 3.86, 5.43, 16.83, 2.91, 3.05, 2.91, 8.87, 8.08, 4.92, 6.16, 19.16, 0.93, 0.78, 0.88, 0.88, 0.93, 0.79, 0.88, 0.87, 49.97, '2022-09-02 07:35:20', NULL),
(90, 'METER01', 35.98, 21.46, 27.13, 14.15, 0.00, 28.19, 393.46, 393.74, 392.27, 393.16, 224.98, 229.43, 226.58, 226.99, 7.56, 3.86, 5.42, 16.84, 2.90, 3.05, 2.90, 8.86, 8.10, 4.92, 6.15, 19.17, 0.93, 0.78, 0.88, 0.88, 0.93, 0.78, 0.88, 0.87, 49.97, '2022-09-02 07:35:15', NULL),
(91, 'METER01', 35.98, 21.46, 27.16, 14.18, 0.00, 28.20, 393.74, 394.06, 392.66, 393.49, 225.18, 229.59, 226.79, 227.18, 7.55, 3.86, 5.43, 16.84, 2.92, 3.05, 2.92, 8.89, 8.09, 4.92, 6.17, 19.18, 0.93, 0.78, 0.88, 0.88, 0.93, 0.78, 0.88, 0.87, 49.96, '2022-09-02 07:35:10', NULL),
(92, 'METER01', 35.94, 21.48, 27.17, 14.11, 0.00, 28.20, 393.62, 393.97, 392.43, 393.34, 225.09, 229.55, 226.66, 227.10, 7.55, 3.86, 5.42, 16.84, 2.91, 3.06, 2.91, 8.88, 8.09, 4.93, 6.16, 19.17, 0.93, 0.78, 0.88, 0.88, 0.93, 0.78, 0.88, 0.87, 49.96, '2022-09-02 07:35:05', NULL),
(93, 'METER01', 36.00, 21.48, 27.25, 14.18, 0.00, 28.24, 393.45, 393.80, 392.30, 393.18, 224.98, 229.47, 226.58, 227.01, 7.55, 3.87, 5.44, 16.86, 2.90, 3.04, 2.91, 8.85, 8.09, 4.92, 6.17, 19.18, 0.93, 0.79, 0.88, 0.88, 0.93, 0.79, 0.88, 0.87, 49.96, '2022-09-02 07:35:00', NULL),
(94, 'METER01', 36.00, 21.51, 27.19, 14.20, 0.00, 28.23, 393.37, 393.69, 392.17, 393.08, 224.91, 229.44, 226.50, 226.95, 7.56, 3.87, 5.43, 16.86, 2.90, 3.06, 2.91, 8.87, 8.10, 4.93, 6.16, 19.19, 0.93, 0.79, 0.88, 0.88, 0.93, 0.79, 0.88, 0.87, 49.96, '2022-09-02 07:34:55', NULL),
(95, 'METER01', 36.00, 21.47, 27.22, 14.21, 0.00, 28.23, 393.27, 393.71, 392.19, 393.06, 224.86, 229.38, 226.56, 226.94, 7.55, 3.87, 5.43, 16.85, 2.90, 3.05, 2.91, 8.86, 8.09, 4.93, 6.16, 19.18, 0.93, 0.79, 0.88, 0.88, 0.93, 0.79, 0.88, 0.87, 49.96, '2022-09-02 07:34:50', NULL),
(96, 'METER01', 35.92, 21.47, 27.20, 14.11, 0.00, 28.20, 393.22, 393.63, 392.18, 393.01, 224.87, 229.36, 226.51, 226.91, 7.54, 3.87, 5.43, 16.83, 2.90, 3.05, 2.91, 8.86, 8.08, 4.92, 6.16, 19.16, 0.93, 0.79, 0.88, 0.88, 0.93, 0.79, 0.88, 0.87, 49.95, '2022-09-02 07:34:45', NULL),
(97, 'METER01', 35.94, 21.44, 27.22, 14.08, 0.00, 28.20, 393.74, 394.10, 392.67, 393.51, 225.18, 229.60, 226.81, 227.20, 7.55, 3.86, 5.44, 16.84, 2.92, 3.06, 2.92, 8.90, 8.09, 4.92, 6.17, 19.19, 0.93, 0.78, 0.88, 0.88, 0.93, 0.78, 0.88, 0.87, 49.95, '2022-09-02 07:34:40', NULL),
(98, 'METER01', 36.01, 21.43, 27.21, 14.16, 0.00, 28.21, 393.77, 394.09, 392.68, 393.51, 225.19, 229.63, 226.78, 227.20, 7.56, 3.86, 5.43, 16.85, 2.92, 3.06, 2.92, 8.90, 8.10, 4.93, 6.16, 19.19, 0.93, 0.78, 0.88, 0.88, 0.93, 0.78, 0.88, 0.87, 49.95, '2022-09-02 07:34:35', NULL),
(99, 'METER01', 35.92, 21.41, 27.22, 14.11, 0.00, 28.18, 393.68, 394.13, 392.76, 393.53, 225.14, 229.61, 226.87, 227.21, 7.54, 3.86, 5.44, 16.83, 2.93, 3.05, 2.93, 8.91, 8.09, 4.92, 6.17, 19.18, 0.93, 0.78, 0.88, 0.88, 0.93, 0.78, 0.88, 0.87, 49.94, '2022-09-02 07:34:30', NULL),
(100, 'METER01', 35.89, 21.53, 27.15, 14.16, 0.00, 28.19, 393.89, 394.39, 392.78, 393.69, 225.26, 229.79, 226.86, 227.30, 7.54, 3.88, 5.41, 16.83, 2.90, 3.07, 2.93, 8.91, 8.08, 4.95, 6.16, 19.18, 0.93, 0.78, 0.88, 0.88, 0.93, 0.78, 0.88, 0.87, 49.94, '2022-09-02 07:34:25', NULL),
(101, 'METER01', 35.84, 21.51, 27.19, 14.15, 0.00, 28.18, 393.82, 394.26, 392.61, 393.56, 225.21, 229.73, 226.74, 227.23, 7.53, 3.88, 5.42, 16.83, 2.91, 3.07, 2.94, 8.91, 8.07, 4.94, 6.17, 19.18, 0.93, 0.78, 0.88, 0.88, 0.93, 0.78, 0.88, 0.87, 49.94, '2022-09-02 07:34:20', NULL),
(102, 'METER01', 35.88, 21.53, 27.13, 14.15, 0.00, 28.18, 393.82, 394.22, 392.49, 393.51, 225.20, 229.72, 226.68, 227.20, 7.53, 3.88, 5.41, 16.81, 2.90, 3.07, 2.93, 8.90, 8.07, 4.94, 6.15, 19.17, 0.93, 0.78, 0.88, 0.88, 0.93, 0.78, 0.88, 0.87, 49.93, '2022-09-02 07:34:15', NULL),
(103, 'METER01', 35.86, 21.57, 27.08, 14.14, 0.00, 28.17, 393.49, 393.88, 392.03, 393.13, 224.99, 229.54, 226.42, 226.98, 7.53, 3.88, 5.39, 16.80, 2.89, 3.08, 2.92, 8.88, 8.07, 4.95, 6.13, 19.15, 0.93, 0.78, 0.88, 0.88, 0.93, 0.78, 0.88, 0.87, 49.93, '2022-09-02 07:34:09', NULL),
(104, 'METER01', 35.87, 21.53, 27.10, 14.11, 0.00, 28.17, 393.13, 393.51, 391.67, 392.77, 224.78, 229.32, 226.21, 226.77, 7.53, 3.87, 5.40, 16.80, 2.88, 3.06, 2.90, 8.85, 8.06, 4.94, 6.13, 19.13, 0.93, 0.78, 0.88, 0.88, 0.94, 0.78, 0.88, 0.87, 49.94, '2022-09-02 07:34:04', NULL),
(105, 'METER01', 35.83, 21.53, 27.13, 14.13, 0.00, 28.16, 393.90, 394.28, 392.53, 393.57, 225.26, 229.76, 226.68, 227.23, 7.53, 3.87, 5.40, 16.81, 2.90, 3.08, 2.92, 8.91, 8.07, 4.95, 6.14, 19.16, 0.93, 0.78, 0.88, 0.88, 0.93, 0.78, 0.88, 0.87, 49.94, '2022-09-02 07:33:59', NULL),
(106, 'METER01', 35.82, 21.51, 27.09, 14.04, 0.00, 28.14, 393.93, 394.23, 392.55, 393.57, 225.28, 229.74, 226.68, 227.23, 7.54, 3.87, 5.39, 16.80, 2.91, 3.09, 2.92, 8.92, 8.08, 4.95, 6.13, 19.16, 0.93, 0.78, 0.88, 0.88, 0.93, 0.78, 0.88, 0.87, 49.94, '2022-09-02 07:33:54', NULL),
(107, 'METER01', 35.81, 21.48, 27.07, 14.00, 0.00, 28.12, 393.75, 394.11, 392.44, 393.43, 225.17, 229.67, 226.62, 227.15, 7.52, 3.86, 5.39, 16.77, 2.90, 3.06, 2.91, 8.87, 8.05, 4.93, 6.13, 19.11, 0.93, 0.78, 0.88, 0.88, 0.93, 0.78, 0.88, 0.87, 49.93, '2022-09-02 07:33:49', NULL),
(108, 'METER01', 35.78, 21.50, 27.01, 14.02, 0.00, 28.10, 393.53, 393.95, 392.16, 393.21, 225.01, 229.59, 226.47, 227.02, 7.51, 3.87, 5.38, 16.76, 2.89, 3.07, 2.92, 8.88, 8.05, 4.94, 6.12, 19.11, 0.93, 0.78, 0.88, 0.88, 0.93, 0.78, 0.88, 0.87, 49.93, '2022-09-02 07:33:44', NULL),
(109, 'METER01', 35.73, 21.50, 27.04, 14.02, 0.00, 28.09, 392.83, 393.40, 391.42, 392.55, 224.62, 229.24, 226.08, 226.64, 7.52, 3.87, 5.37, 16.76, 2.88, 3.07, 2.92, 8.88, 8.05, 4.94, 6.11, 19.11, 0.93, 0.79, 0.88, 0.88, 0.94, 0.79, 0.88, 0.87, 49.93, '2022-09-02 07:33:39', NULL),
(110, 'METER01', 35.75, 21.52, 26.98, 14.04, 0.00, 28.08, 393.51, 393.98, 392.09, 393.19, 225.02, 229.57, 226.44, 227.01, 7.51, 3.87, 5.37, 16.74, 2.89, 3.07, 2.92, 8.88, 8.04, 4.94, 6.11, 19.09, 0.93, 0.78, 0.88, 0.88, 0.93, 0.78, 0.88, 0.87, 49.93, '2022-09-02 07:33:34', NULL),
(111, 'METER01', 35.69, 21.51, 27.00, 14.05, 0.00, 28.07, 393.10, 393.63, 391.65, 392.79, 224.76, 229.41, 226.18, 226.78, 7.49, 3.87, 5.37, 16.73, 2.87, 3.06, 2.91, 8.84, 8.02, 4.93, 6.11, 19.06, 0.93, 0.78, 0.88, 0.88, 0.93, 0.78, 0.88, 0.87, 49.94, '2022-09-02 07:33:29', NULL),
(112, 'METER01', 35.72, 21.54, 26.98, 14.01, 0.00, 28.08, 393.56, 394.05, 392.11, 393.24, 225.05, 229.64, 226.44, 227.04, 7.50, 3.87, 5.37, 16.74, 2.88, 3.07, 2.92, 8.88, 8.04, 4.94, 6.12, 19.09, 0.93, 0.78, 0.88, 0.88, 0.93, 0.78, 0.88, 0.87, 49.95, '2022-09-02 07:33:24', NULL),
(113, 'METER01', 35.70, 21.51, 27.02, 14.12, 0.00, 28.08, 393.13, 393.67, 391.73, 392.84, 224.78, 229.41, 226.24, 226.81, 7.50, 3.87, 5.37, 16.74, 2.87, 3.05, 2.90, 8.83, 8.03, 4.93, 6.11, 19.06, 0.93, 0.78, 0.88, 0.88, 0.94, 0.79, 0.88, 0.87, 49.96, '2022-09-02 07:33:19', NULL),
(114, 'METER01', 35.76, 21.50, 27.03, 14.17, 0.00, 28.10, 393.59, 394.05, 392.25, 393.29, 225.11, 229.61, 226.50, 227.07, 7.52, 3.87, 5.38, 16.77, 2.87, 3.06, 2.92, 8.86, 8.05, 4.94, 6.12, 19.10, 0.93, 0.78, 0.88, 0.88, 0.94, 0.78, 0.88, 0.87, 49.97, '2022-09-02 07:33:14', NULL),
(115, 'METER01', 35.76, 21.51, 26.97, 14.12, 0.00, 28.08, 393.37, 393.88, 391.93, 393.06, 224.90, 229.53, 226.38, 226.94, 7.51, 3.87, 5.37, 16.75, 2.87, 3.07, 2.91, 8.85, 8.04, 4.94, 6.11, 19.09, 0.93, 0.78, 0.88, 0.88, 0.93, 0.78, 0.88, 0.87, 49.97, '2022-09-02 07:33:09', NULL),
(116, 'METER01', 35.72, 21.50, 26.94, 14.11, 0.00, 28.05, 393.17, 393.64, 391.69, 392.83, 224.82, 229.38, 226.22, 226.81, 7.51, 3.86, 5.36, 16.73, 2.86, 3.06, 2.90, 8.82, 8.03, 4.93, 6.10, 19.06, 0.93, 0.78, 0.88, 0.88, 0.94, 0.78, 0.88, 0.87, 49.98, '2022-09-02 07:33:04', NULL),
(117, 'METER01', 35.71, 21.50, 26.96, 14.05, 0.00, 28.05, 393.76, 394.28, 392.31, 393.45, 225.15, 229.76, 226.58, 227.16, 7.51, 3.87, 5.37, 16.74, 2.88, 3.07, 2.92, 8.87, 8.04, 4.94, 6.11, 19.09, 0.93, 0.78, 0.88, 0.88, 0.93, 0.78, 0.88, 0.87, 49.99, '2022-09-02 07:32:59', NULL),
(118, 'METER01', 35.75, 21.47, 27.01, 14.10, 0.00, 28.08, 393.26, 393.87, 391.96, 393.03, 224.90, 229.49, 226.36, 226.92, 7.51, 3.87, 5.37, 16.75, 2.87, 3.06, 2.91, 8.84, 8.04, 4.93, 6.11, 19.08, 0.93, 0.79, 0.88, 0.88, 0.94, 0.79, 0.88, 0.87, 49.99, '2022-09-02 07:32:54', NULL),
(119, 'METER01', 35.66, 21.50, 26.96, 14.05, 0.00, 28.04, 393.60, 394.34, 392.35, 393.43, 225.03, 229.77, 226.65, 227.15, 7.50, 3.87, 5.37, 16.74, 2.88, 3.06, 2.93, 8.86, 8.03, 4.93, 6.12, 19.07, 0.93, 0.78, 0.88, 0.88, 0.94, 0.79, 0.88, 0.87, 49.99, '2022-09-02 07:32:49', NULL),
(120, 'METER01', 35.63, 21.47, 26.95, 14.02, 0.00, 28.02, 393.20, 394.00, 391.99, 393.06, 224.83, 229.56, 226.43, 226.94, 7.49, 3.87, 5.36, 16.72, 2.85, 3.05, 2.92, 8.82, 8.01, 4.93, 6.10, 19.04, 0.93, 0.79, 0.88, 0.88, 0.94, 0.79, 0.88, 0.87, 50.00, '2022-09-02 07:32:44', NULL),
(121, 'METER01', 35.65, 21.45, 26.96, 14.04, 0.00, 28.02, 393.38, 394.16, 392.15, 393.23, 224.92, 229.64, 226.55, 227.03, 7.49, 3.87, 5.37, 16.72, 2.86, 3.05, 2.92, 8.83, 8.02, 4.92, 6.11, 19.05, 0.93, 0.79, 0.88, 0.88, 0.94, 0.79, 0.88, 0.87, 50.03, '2022-09-02 07:32:39', NULL),
(122, 'METER01', 35.64, 21.43, 26.93, 14.02, 0.00, 28.00, 393.45, 394.12, 392.18, 393.25, 224.97, 229.64, 226.52, 227.05, 7.50, 3.86, 5.36, 16.72, 2.85, 3.05, 2.90, 8.81, 8.02, 4.92, 6.09, 19.04, 0.93, 0.79, 0.88, 0.88, 0.94, 0.79, 0.88, 0.87, 50.06, '2022-09-02 07:32:34', NULL),
(123, 'METER01', 35.65, 21.47, 26.90, 14.10, 0.00, 28.01, 393.60, 394.25, 392.18, 393.34, 225.04, 229.75, 226.51, 227.10, 7.50, 3.87, 5.35, 16.72, 2.85, 3.06, 2.91, 8.82, 8.02, 4.93, 6.09, 19.05, 0.93, 0.78, 0.88, 0.88, 0.94, 0.79, 0.88, 0.87, 50.05, '2022-09-02 07:32:29', NULL),
(124, 'METER01', 35.60, 21.47, 26.88, 14.07, 0.00, 27.98, 393.23, 393.94, 391.83, 393.00, 224.82, 229.54, 226.34, 226.90, 7.49, 3.87, 5.35, 16.71, 2.86, 3.07, 2.91, 8.83, 8.02, 4.94, 6.09, 19.04, 0.93, 0.78, 0.88, 0.88, 0.94, 0.78, 0.88, 0.87, 50.05, '2022-09-02 07:32:24', NULL),
(125, 'METER01', 35.59, 21.46, 26.90, 14.07, 0.00, 27.99, 393.89, 394.60, 392.57, 393.69, 225.25, 229.90, 226.76, 227.30, 7.49, 3.87, 5.36, 16.72, 2.86, 3.06, 2.92, 8.84, 8.02, 4.93, 6.10, 19.05, 0.93, 0.78, 0.88, 0.88, 0.94, 0.78, 0.88, 0.87, 50.06, '2022-09-02 07:32:19', NULL),
(126, 'METER01', 35.62, 21.51, 26.90, 14.09, 0.00, 28.01, 393.81, 394.40, 392.26, 393.49, 225.13, 229.88, 226.55, 227.19, 7.50, 3.87, 5.35, 16.72, 2.85, 3.07, 2.90, 8.82, 8.02, 4.94, 6.09, 19.05, 0.93, 0.78, 0.88, 0.88, 0.94, 0.78, 0.88, 0.87, 50.06, '2022-09-02 07:32:14', NULL),
(127, 'METER01', 35.67, 21.49, 26.91, 14.05, 0.00, 28.03, 393.39, 393.97, 391.81, 393.06, 224.88, 229.62, 226.30, 226.94, 7.50, 3.88, 5.35, 16.73, 2.85, 3.06, 2.90, 8.81, 8.02, 4.94, 6.09, 19.05, 0.93, 0.79, 0.88, 0.88, 0.94, 0.79, 0.88, 0.87, 50.05, '2022-09-02 07:32:09', NULL),
(128, 'METER01', 35.65, 21.50, 26.88, 14.03, 0.00, 28.01, 393.64, 394.18, 392.11, 393.31, 225.05, 229.73, 226.47, 227.08, 7.50, 3.87, 5.35, 16.72, 2.85, 3.07, 2.90, 8.82, 8.02, 4.94, 6.09, 19.05, 0.93, 0.78, 0.88, 0.88, 0.94, 0.78, 0.88, 0.87, 50.05, '2022-09-02 07:32:04', NULL),
(129, 'METER01', 35.63, 21.50, 26.90, 14.01, 0.00, 28.01, 393.33, 393.95, 391.88, 393.05, 224.88, 229.58, 226.33, 226.93, 7.49, 3.88, 5.35, 16.72, 2.84, 3.06, 2.90, 8.80, 8.01, 4.94, 6.09, 19.04, 0.94, 0.79, 0.88, 0.88, 0.94, 0.79, 0.88, 0.87, 50.05, '2022-09-02 07:31:59', NULL),
(130, 'METER01', 35.67, 21.52, 26.93, 14.01, 0.00, 28.04, 393.87, 394.44, 392.29, 393.53, 225.16, 229.89, 226.58, 227.21, 7.51, 3.88, 5.36, 16.74, 2.86, 3.07, 2.92, 8.84, 8.03, 4.95, 6.10, 19.08, 0.93, 0.78, 0.88, 0.88, 0.94, 0.78, 0.88, 0.87, 50.05, '2022-09-02 07:31:54', NULL),
(131, 'METER01', 35.65, 21.51, 26.98, 14.01, 0.00, 28.05, 393.26, 393.96, 391.77, 393.00, 224.80, 229.59, 226.31, 226.90, 7.49, 3.88, 5.37, 16.74, 2.84, 3.06, 2.91, 8.81, 8.01, 4.94, 6.11, 19.06, 0.94, 0.79, 0.88, 0.88, 0.94, 0.79, 0.88, 0.87, 50.05, '2022-09-02 07:31:49', NULL),
(132, 'METER01', 35.53, 21.54, 26.97, 13.87, 0.00, 28.01, 393.53, 394.25, 392.14, 393.30, 224.97, 229.77, 226.50, 227.08, 7.47, 3.89, 5.37, 16.73, 2.85, 3.06, 2.92, 8.82, 7.99, 4.95, 6.11, 19.05, 0.93, 0.79, 0.88, 0.88, 0.94, 0.79, 0.88, 0.87, 50.05, '2022-09-02 07:31:44', NULL),
(133, 'METER01', 35.48, 21.51, 27.00, 13.87, 0.00, 27.99, 393.01, 393.77, 391.63, 392.80, 224.68, 229.47, 226.22, 226.79, 7.45, 3.89, 5.37, 16.71, 2.83, 3.04, 2.91, 8.78, 7.97, 4.94, 6.11, 19.01, 0.93, 0.79, 0.88, 0.88, 0.94, 0.79, 0.88, 0.87, 50.05, '2022-09-02 07:31:39', NULL),
(134, 'METER01', 35.52, 21.51, 26.95, 13.97, 0.00, 27.99, 393.31, 394.00, 391.89, 393.07, 224.87, 229.61, 226.34, 226.94, 7.47, 3.88, 5.36, 16.71, 2.84, 3.05, 2.90, 8.79, 7.99, 4.94, 6.09, 19.03, 0.93, 0.79, 0.88, 0.88, 0.94, 0.79, 0.88, 0.87, 50.06, '2022-09-02 07:31:34', NULL),
(135, 'METER01', 35.52, 21.52, 26.90, 13.98, 0.00, 27.98, 392.92, 393.71, 391.53, 392.72, 224.63, 229.42, 226.17, 226.74, 7.46, 3.89, 5.35, 16.70, 2.82, 3.04, 2.89, 8.76, 7.98, 4.94, 6.08, 19.00, 0.94, 0.79, 0.88, 0.88, 0.94, 0.79, 0.88, 0.87, 50.06, '2022-09-02 07:31:30', NULL),
(136, 'METER01', 35.48, 21.45, 26.88, 13.95, 0.00, 27.94, 393.80, 394.45, 392.42, 393.56, 225.19, 229.84, 226.65, 227.22, 7.46, 3.87, 5.35, 16.68, 2.85, 3.06, 2.91, 8.82, 7.99, 4.93, 6.09, 19.01, 0.93, 0.78, 0.88, 0.88, 0.93, 0.78, 0.88, 0.87, 50.06, '2022-09-02 07:31:24', NULL),
(137, 'METER01', 35.45, 21.46, 26.83, 13.89, 0.00, 27.91, 393.80, 394.50, 392.41, 393.57, 225.13, 229.90, 226.66, 227.23, 7.46, 3.87, 5.35, 16.68, 2.86, 3.06, 2.91, 8.83, 7.99, 4.93, 6.09, 19.01, 0.93, 0.78, 0.88, 0.88, 0.93, 0.78, 0.88, 0.87, 50.05, '2022-09-02 07:31:19', NULL),
(138, 'METER01', 35.44, 21.47, 26.79, 13.88, 0.00, 27.90, 393.58, 394.14, 392.08, 393.27, 225.02, 229.70, 226.46, 227.06, 7.45, 3.87, 5.33, 16.65, 2.85, 3.06, 2.90, 8.80, 7.97, 4.93, 6.07, 18.97, 0.93, 0.78, 0.88, 0.88, 0.94, 0.78, 0.88, 0.87, 50.05, '2022-09-02 07:31:14', NULL),
(139, 'METER01', 35.45, 21.47, 26.78, 13.96, 0.00, 27.90, 393.82, 394.40, 392.33, 393.52, 225.17, 229.83, 226.60, 227.20, 7.46, 3.87, 5.32, 16.65, 2.84, 3.07, 2.91, 8.82, 7.98, 4.93, 6.07, 18.98, 0.93, 0.78, 0.88, 0.88, 0.94, 0.78, 0.88, 0.87, 50.05, '2022-09-02 07:31:09', NULL),
(140, 'METER01', 35.45, 21.40, 26.81, 13.88, 0.00, 27.88, 393.13, 393.63, 391.71, 392.82, 224.80, 229.39, 226.21, 226.80, 7.44, 3.85, 5.33, 16.63, 2.84, 3.04, 2.89, 8.77, 7.97, 4.91, 6.06, 18.94, 0.93, 0.78, 0.88, 0.88, 0.94, 0.78, 0.88, 0.87, 50.05, '2022-09-02 07:31:04', NULL),
(141, 'METER01', 35.46, 21.43, 26.80, 13.85, 0.00, 27.90, 394.00, 394.56, 392.57, 393.71, 225.29, 229.90, 226.74, 227.31, 7.47, 3.86, 5.33, 16.66, 2.86, 3.07, 2.90, 8.84, 8.00, 4.93, 6.07, 19.00, 0.93, 0.78, 0.88, 0.88, 0.93, 0.78, 0.88, 0.87, 50.06, '2022-09-02 07:30:59', NULL),
(142, 'METER01', 35.45, 21.45, 26.81, 13.81, 0.00, 27.90, 393.96, 394.48, 392.48, 393.64, 225.26, 229.90, 226.65, 227.27, 7.46, 3.86, 5.34, 16.66, 2.86, 3.07, 2.90, 8.83, 7.99, 4.93, 6.08, 18.99, 0.93, 0.78, 0.88, 0.88, 0.93, 0.78, 0.88, 0.87, 50.06, '2022-09-02 07:30:54', NULL),
(143, 'METER01', 35.47, 21.45, 26.81, 13.82, 0.00, 27.91, 393.49, 394.01, 392.01, 393.17, 225.00, 229.61, 226.39, 227.00, 7.46, 3.86, 5.34, 16.66, 2.84, 3.06, 2.89, 8.79, 7.98, 4.93, 6.07, 18.98, 0.93, 0.78, 0.88, 0.88, 0.93, 0.79, 0.88, 0.87, 50.06, '2022-09-02 07:30:49', NULL),
(144, 'METER01', 35.56, 21.44, 26.83, 13.90, 0.00, 27.94, 393.92, 394.41, 392.48, 393.60, 225.25, 229.83, 226.68, 227.25, 7.47, 3.86, 5.35, 16.67, 2.86, 3.06, 2.90, 8.82, 7.99, 4.93, 6.08, 19.01, 0.93, 0.78, 0.88, 0.88, 0.93, 0.78, 0.88, 0.87, 50.06, '2022-09-02 07:30:44', NULL),
(145, 'METER01', 35.60, 21.39, 26.86, 13.92, 0.00, 27.95, 392.53, 392.88, 391.01, 392.14, 224.39, 228.99, 225.84, 226.41, 7.47, 3.85, 5.35, 16.66, 2.84, 3.03, 2.86, 8.73, 7.99, 4.90, 6.07, 18.95, 0.93, 0.79, 0.88, 0.88, 0.94, 0.79, 0.88, 0.87, 50.05, '2022-09-02 07:30:39', NULL),
(146, 'METER01', 35.59, 21.44, 26.87, 13.93, 0.00, 27.97, 392.94, 393.38, 391.53, 392.61, 224.67, 229.25, 226.12, 226.68, 7.47, 3.86, 5.35, 16.68, 2.85, 3.05, 2.88, 8.78, 8.00, 4.92, 6.08, 18.99, 0.93, 0.78, 0.88, 0.88, 0.94, 0.78, 0.88, 0.87, 50.04, '2022-09-02 07:30:34', NULL),
(147, 'METER01', 35.53, 21.42, 26.88, 13.91, 0.00, 27.94, 392.52, 392.89, 391.05, 392.15, 224.43, 228.98, 225.83, 226.41, 7.45, 3.85, 5.35, 16.65, 2.84, 3.03, 2.88, 8.75, 7.97, 4.90, 6.07, 18.95, 0.93, 0.78, 0.88, 0.88, 0.94, 0.79, 0.88, 0.87, 50.00, '2022-09-02 07:30:29', NULL),
(148, 'METER01', 35.53, 21.41, 26.94, 13.95, 0.00, 27.96, 392.99, 393.55, 391.71, 392.75, 224.70, 229.33, 226.25, 226.76, 7.45, 3.86, 5.35, 16.66, 2.85, 3.04, 2.89, 8.78, 7.98, 4.91, 6.09, 18.98, 0.93, 0.79, 0.88, 0.88, 0.93, 0.79, 0.88, 0.87, 50.00, '2022-09-02 07:30:24', NULL),
(149, 'METER01', 35.56, 21.39, 26.88, 13.98, 0.00, 27.94, 392.55, 392.95, 391.28, 392.26, 224.51, 228.94, 225.97, 226.47, 7.46, 3.85, 5.35, 16.65, 2.85, 3.03, 2.88, 8.76, 7.98, 4.90, 6.07, 18.95, 0.93, 0.79, 0.88, 0.88, 0.94, 0.79, 0.88, 0.87, 50.01, '2022-09-02 07:30:19', NULL),
(150, 'METER01', 35.45, 21.37, 26.85, 13.90, 0.00, 27.89, 392.69, 393.13, 391.46, 392.43, 224.62, 229.05, 226.05, 226.57, 7.44, 3.85, 5.34, 16.62, 2.85, 3.03, 2.88, 8.76, 7.96, 4.89, 6.07, 18.93, 0.93, 0.78, 0.88, 0.88, 0.93, 0.78, 0.88, 0.87, 50.01, '2022-09-02 07:30:14', NULL),
(151, 'METER01', 35.44, 21.26, 26.85, 13.79, 0.00, 27.85, 392.46, 393.07, 391.36, 392.30, 224.42, 228.99, 226.08, 226.50, 7.43, 3.84, 5.34, 16.61, 2.85, 3.02, 2.88, 8.75, 7.95, 4.88, 6.07, 18.91, 0.93, 0.79, 0.88, 0.88, 0.93, 0.79, 0.88, 0.87, 50.01, '2022-09-02 07:30:09', NULL),
(152, 'METER01', 35.50, 21.32, 26.81, 13.82, 0.00, 27.88, 392.90, 393.34, 391.80, 392.68, 224.73, 229.13, 226.30, 226.72, 7.44, 3.83, 5.34, 16.61, 2.87, 3.03, 2.88, 8.78, 7.98, 4.88, 6.07, 18.93, 0.93, 0.78, 0.88, 0.88, 0.93, 0.78, 0.88, 0.87, 49.99, '2022-09-02 07:25:04', NULL),
(153, 'METER01', 0.00, 0.00, 0.00, 0.00, 0.00, 0.00, 0.00, 0.00, 0.00, 0.00, 0.00, 0.00, 0.00, 0.00, 0.00, 0.00, 0.00, 0.00, 0.00, 0.00, 0.00, 0.00, 0.00, 0.00, 0.00, 0.00, 0.00, 0.00, 0.00, 0.00, 0.00, 0.00, 0.00, 0.00, 0.00, NULL, NULL),
(154, 'METER01', 0.00, 0.00, 0.00, 0.00, 0.00, 0.00, 0.00, 0.00, 0.00, 0.00, 0.00, 0.00, 0.00, 0.00, 0.00, 0.00, 0.00, 0.00, 0.00, 0.00, 0.00, 0.00, 0.00, 0.00, 0.00, 0.00, 0.00, 0.00, 0.00, 0.00, 0.00, 0.00, 0.00, 0.00, 0.00, NULL, NULL),
(155, 'METER01', 0.00, 0.00, 0.00, 0.00, 0.00, 0.00, 0.00, 0.00, 0.00, 0.00, 0.00, 0.00, 0.00, 0.00, 0.00, 0.00, 0.00, 0.00, 0.00, 0.00, 0.00, 0.00, 0.00, 0.00, 0.00, 0.00, 0.00, 0.00, 0.00, 0.00, 0.00, 0.00, 0.00, 0.00, 0.00, NULL, NULL),
(156, 'METER01', 0.00, 0.00, 0.00, 0.00, 0.00, 0.00, 0.00, 0.00, 0.00, 0.00, 0.00, 0.00, 0.00, 0.00, 0.00, 0.00, 0.00, 0.00, 0.00, 0.00, 0.00, 0.00, 0.00, 0.00, 0.00, 0.00, 0.00, 0.00, 0.00, 0.00, 0.00, 0.00, 0.00, 0.00, 0.00, NULL, NULL),
(157, 'METER01', 0.00, 0.00, 0.00, 0.00, 0.00, 0.00, 0.00, 0.00, 0.00, 0.00, 0.00, 0.00, 0.00, 0.00, 0.00, 0.00, 0.00, 0.00, 0.00, 0.00, 0.00, 0.00, 0.00, 0.00, 0.00, 0.00, 0.00, 0.00, 0.00, 0.00, 0.00, 0.00, 0.00, 0.00, 0.00, '2022-09-19 04:06:13', NULL),
(158, 'METER01', 0.00, 0.00, 0.00, 0.00, 0.00, 0.00, 0.00, 0.00, 0.00, 0.00, 0.00, 0.00, 0.00, 0.00, 0.00, 0.00, 0.00, 0.00, 0.00, 0.00, 0.00, 0.00, 0.00, 0.00, 0.00, 0.00, 0.00, 0.00, 0.00, 0.00, 0.00, 0.00, 0.00, 0.00, 0.00, '2022-09-22 07:52:16', NULL),
(159, 'METER01', 0.00, 0.00, 0.00, 0.00, 0.00, 0.00, 0.00, 0.00, 0.00, 0.00, 0.00, 0.00, 0.00, 0.00, 0.00, 0.00, 0.00, 0.00, 0.00, 0.00, 0.00, 0.00, 0.00, 0.00, 0.00, 0.00, 0.00, 0.00, 0.00, 0.00, 0.00, 0.00, 0.00, 0.00, 0.00, '2022-09-23 01:39:12', NULL),
(160, 'METER01', 0.00, 0.00, 0.00, 0.00, 0.00, 0.00, 0.00, 0.00, 0.00, 0.00, 0.00, 0.00, 0.00, 0.00, 0.00, 0.00, 0.00, 0.00, 0.00, 0.00, 0.00, 0.00, 0.00, 0.00, 0.00, 0.00, 0.00, 0.00, 0.00, 0.00, 0.00, 0.00, 0.00, 0.00, 0.00, '2022-09-23 03:30:09', NULL),
(161, 'METER01', 0.00, 0.00, 0.00, 0.00, 0.00, 0.00, 0.00, 0.00, 0.00, 0.00, 0.00, 0.00, 0.00, 0.00, 0.00, 0.00, 0.00, 0.00, 0.00, 0.00, 0.00, 0.00, 0.00, 0.00, 0.00, 0.00, 0.00, 0.00, 0.00, 0.00, 0.00, 0.00, 0.00, 0.00, 0.00, '2022-09-23 06:16:16', NULL),
(162, 'METER01', 0.00, 0.00, 0.00, 0.00, 0.00, 0.00, 0.00, 0.00, 0.00, 0.00, 0.00, 0.00, 0.00, 0.00, 0.00, 0.00, 0.00, 0.00, 0.00, 0.00, 0.00, 0.00, 0.00, 0.00, 0.00, 0.00, 0.00, 0.00, 0.00, 0.00, 0.00, 0.00, 0.00, 0.00, 0.00, '2022-09-23 06:16:21', NULL),
(163, 'METER01', 0.00, 0.00, 0.00, 0.00, 0.00, 0.00, 0.00, 0.00, 0.00, 0.00, 0.00, 0.00, 0.00, 0.00, 0.00, 0.00, 0.00, 0.00, 0.00, 0.00, 0.00, 0.00, 0.00, 0.00, 0.00, 0.00, 0.00, 0.00, 0.00, 0.00, 0.00, 0.00, 0.00, 0.00, 0.00, '2022-09-23 06:16:26', NULL),
(164, 'METER01', 0.00, 0.00, 0.00, 0.00, 0.00, 0.00, 0.00, 0.00, 0.00, 0.00, 0.00, 0.00, 0.00, 0.00, 0.00, 0.00, 0.00, 0.00, 0.00, 0.00, 0.00, 0.00, 0.00, 0.00, 0.00, 0.00, 0.00, 0.00, 0.00, 0.00, 0.00, 0.00, 0.00, 0.00, 0.00, '2022-09-23 06:16:31', NULL),
(165, 'METER01', 0.00, 0.00, 0.00, 0.00, 0.00, 0.00, 0.00, 0.00, 0.00, 0.00, 0.00, 0.00, 0.00, 0.00, 0.00, 0.00, 0.00, 0.00, 0.00, 0.00, 0.00, 0.00, 0.00, 0.00, 0.00, 0.00, 0.00, 0.00, 0.00, 0.00, 0.00, 0.00, 0.00, 0.00, 0.00, '2022-09-23 06:16:36', NULL),
(166, 'METER01', 0.00, 0.00, 0.00, 0.00, 0.00, 0.00, 0.00, 0.00, 0.00, 0.00, 0.00, 0.00, 0.00, 0.00, 0.00, 0.00, 0.00, 0.00, 0.00, 0.00, 0.00, 0.00, 0.00, 0.00, 0.00, 0.00, 0.00, 0.00, 0.00, 0.00, 0.00, 0.00, 0.00, 0.00, 0.00, '2022-09-23 06:16:41', NULL),
(167, 'METER01', 0.00, 0.00, 0.00, 0.00, 0.00, 0.00, 0.00, 0.00, 0.00, 0.00, 0.00, 0.00, 0.00, 0.00, 0.00, 0.00, 0.00, 0.00, 0.00, 0.00, 0.00, 0.00, 0.00, 0.00, 0.00, 0.00, 0.00, 0.00, 0.00, 0.00, 0.00, 0.00, 0.00, 0.00, 0.00, '2022-09-23 06:16:46', NULL),
(168, 'METER01', 0.00, 0.00, 0.00, 0.00, 0.00, 0.00, 0.00, 0.00, 0.00, 0.00, 0.00, 0.00, 0.00, 0.00, 0.00, 0.00, 0.00, 0.00, 0.00, 0.00, 0.00, 0.00, 0.00, 0.00, 0.00, 0.00, 0.00, 0.00, 0.00, 0.00, 0.00, 0.00, 0.00, 0.00, 0.00, '2022-09-23 06:16:51', NULL),
(169, 'METER01', 0.00, 0.00, 0.00, 0.00, 0.00, 0.00, 0.00, 0.00, 0.00, 0.00, 0.00, 0.00, 0.00, 0.00, 0.00, 0.00, 0.00, 0.00, 0.00, 0.00, 0.00, 0.00, 0.00, 0.00, 0.00, 0.00, 0.00, 0.00, 0.00, 0.00, 0.00, 0.00, 0.00, 0.00, 0.00, '2022-09-23 06:16:56', NULL),
(170, 'METER01', 0.00, 0.00, 0.00, 0.00, 0.00, 0.00, 0.00, 0.00, 0.00, 0.00, 0.00, 0.00, 0.00, 0.00, 0.00, 0.00, 0.00, 0.00, 0.00, 0.00, 0.00, 0.00, 0.00, 0.00, 0.00, 0.00, 0.00, 0.00, 0.00, 0.00, 0.00, 0.00, 0.00, 0.00, 0.00, '2022-09-23 06:17:01', NULL),
(171, 'METER01', 0.00, 0.00, 0.00, 0.00, 0.00, 0.00, 0.00, 0.00, 0.00, 0.00, 0.00, 0.00, 0.00, 0.00, 0.00, 0.00, 0.00, 0.00, 0.00, 0.00, 0.00, 0.00, 0.00, 0.00, 0.00, 0.00, 0.00, 0.00, 0.00, 0.00, 0.00, 0.00, 0.00, 0.00, 0.00, '2022-09-23 06:17:06', NULL),
(172, 'METER01', 0.00, 0.00, 0.00, 0.00, 0.00, 0.00, 0.00, 0.00, 0.00, 0.00, 0.00, 0.00, 0.00, 0.00, 0.00, 0.00, 0.00, 0.00, 0.00, 0.00, 0.00, 0.00, 0.00, 0.00, 0.00, 0.00, 0.00, 0.00, 0.00, 0.00, 0.00, 0.00, 0.00, 0.00, 0.00, '2022-09-23 06:17:11', NULL),
(173, 'METER01', 0.00, 0.00, 0.00, 0.00, 0.00, 0.00, 0.00, 0.00, 0.00, 0.00, 0.00, 0.00, 0.00, 0.00, 0.00, 0.00, 0.00, 0.00, 0.00, 0.00, 0.00, 0.00, 0.00, 0.00, 0.00, 0.00, 0.00, 0.00, 0.00, 0.00, 0.00, 0.00, 0.00, 0.00, 0.00, '2022-09-23 06:17:16', NULL),
(174, 'METER01', 0.00, 0.00, 0.00, 0.00, 0.00, 0.00, 0.00, 0.00, 0.00, 0.00, 0.00, 0.00, 0.00, 0.00, 0.00, 0.00, 0.00, 0.00, 0.00, 0.00, 0.00, 0.00, 0.00, 0.00, 0.00, 0.00, 0.00, 0.00, 0.00, 0.00, 0.00, 0.00, 0.00, 0.00, 0.00, '2022-09-23 06:17:21', NULL),
(175, 'METER01', 0.00, 0.00, 0.00, 0.00, 0.00, 0.00, 0.00, 0.00, 0.00, 0.00, 0.00, 0.00, 0.00, 0.00, 0.00, 0.00, 0.00, 0.00, 0.00, 0.00, 0.00, 0.00, 0.00, 0.00, 0.00, 0.00, 0.00, 0.00, 0.00, 0.00, 0.00, 0.00, 0.00, 0.00, 0.00, '2022-09-23 06:17:26', NULL),
(176, 'METER01', 0.00, 0.00, 0.00, 0.00, 0.00, 0.00, 0.00, 0.00, 0.00, 0.00, 0.00, 0.00, 0.00, 0.00, 0.00, 0.00, 0.00, 0.00, 0.00, 0.00, 0.00, 0.00, 0.00, 0.00, 0.00, 0.00, 0.00, 0.00, 0.00, 0.00, 0.00, 0.00, 0.00, 0.00, 0.00, '2022-09-23 06:17:31', NULL),
(177, 'METER01', 0.00, 0.00, 0.00, 0.00, 0.00, 0.00, 0.00, 0.00, 0.00, 0.00, 0.00, 0.00, 0.00, 0.00, 0.00, 0.00, 0.00, 0.00, 0.00, 0.00, 0.00, 0.00, 0.00, 0.00, 0.00, 0.00, 0.00, 0.00, 0.00, 0.00, 0.00, 0.00, 0.00, 0.00, 0.00, '2022-09-23 06:17:36', NULL),
(178, 'METER01', 0.00, 0.00, 0.00, 0.00, 0.00, 0.00, 0.00, 0.00, 0.00, 0.00, 0.00, 0.00, 0.00, 0.00, 0.00, 0.00, 0.00, 0.00, 0.00, 0.00, 0.00, 0.00, 0.00, 0.00, 0.00, 0.00, 0.00, 0.00, 0.00, 0.00, 0.00, 0.00, 0.00, 0.00, 0.00, '2022-09-23 06:17:41', NULL),
(179, 'METER01', 0.00, 0.00, 0.00, 0.00, 0.00, 0.00, 0.00, 0.00, 0.00, 0.00, 0.00, 0.00, 0.00, 0.00, 0.00, 0.00, 0.00, 0.00, 0.00, 0.00, 0.00, 0.00, 0.00, 0.00, 0.00, 0.00, 0.00, 0.00, 0.00, 0.00, 0.00, 0.00, 0.00, 0.00, 0.00, '2022-09-23 06:17:46', NULL);
INSERT INTO `konsumsi_listrik` (`id`, `device_id`, `Current_A`, `Current_B`, `Current_C`, `Current_N`, `Current_G`, `Current_Avg`, `Voltage_A_B`, `Voltage_B_C`, `Voltage_C_A`, `Voltage_L_L_Avg`, `Voltage_A_N`, `Voltage_B_N`, `Voltage_C_N`, `Voltage_L_N_Avg`, `Active_Power_A`, `Active_Power_B`, `Active_Power_C`, `Active_Power_Total`, `Reactive_Power_A`, `Reactive_Power_B`, `Reactive_Power_C`, `Reactive_Power_Total`, `Apparent_Power_A`, `Apparent_Power_B`, `Apparent_Power_C`, `Apparent_Power_Total`, `Power_Factor_A`, `Power_Factor_B`, `Power_Factor_C`, `Power_Factor_Total`, `Displacement_Power_Factor_A`, `Displacement_Power_Factor_B`, `Displacement_Power_Factor_C`, `Displacement_Power_Factor_Total`, `Frequency`, `created_at`, `updated_at`) VALUES
(180, 'METER01', 0.00, 0.00, 0.00, 0.00, 0.00, 0.00, 0.00, 0.00, 0.00, 0.00, 0.00, 0.00, 0.00, 0.00, 0.00, 0.00, 0.00, 0.00, 0.00, 0.00, 0.00, 0.00, 0.00, 0.00, 0.00, 0.00, 0.00, 0.00, 0.00, 0.00, 0.00, 0.00, 0.00, 0.00, 0.00, '2022-09-23 06:17:51', NULL),
(181, 'METER01', 1.00, 0.00, 0.00, 0.00, 0.00, 0.00, 0.00, 0.00, 0.00, 0.00, 0.00, 0.00, 0.00, 0.00, 0.00, 0.00, 0.00, 0.00, 0.00, 0.00, 0.00, 0.00, 0.00, 0.00, 0.00, 0.00, 0.00, 0.00, 0.00, 0.00, 0.00, 0.00, 0.00, 0.00, 0.00, '2022-09-23 06:17:56', '2022-09-28 01:53:40'),
(182, 'METER01', 6.00, 0.00, 0.00, 0.00, 0.00, 0.00, 0.00, 0.00, 0.00, 0.00, 0.00, 0.00, 0.00, 0.00, 0.00, 0.00, 0.00, 0.00, 0.00, 0.00, 0.00, 0.00, 0.00, 0.00, 0.00, 0.00, 0.00, 0.00, 0.00, 0.00, 0.00, 0.00, 0.00, 0.00, 0.00, '2022-09-23 06:18:01', '2022-09-28 01:53:31'),
(183, 'METER01', 3.00, 0.00, 0.00, 0.00, 0.00, 0.00, 0.00, 0.00, 0.00, 0.00, 0.00, 0.00, 0.00, 0.00, 0.00, 0.00, 0.00, 0.00, 0.00, 0.00, 0.00, 0.00, 0.00, 0.00, 0.00, 0.00, 0.00, 0.00, 0.00, 0.00, 0.00, 0.00, 0.00, 0.00, 0.00, '2022-09-23 06:18:06', '2022-09-28 01:53:13'),
(184, 'METER01', 5.00, 0.00, 0.00, 0.00, 0.00, 0.00, 0.00, 0.00, 0.00, 0.00, 0.00, 0.00, 0.00, 0.00, 0.00, 0.00, 0.00, 0.00, 0.00, 0.00, 0.00, 0.00, 0.00, 0.00, 0.00, 0.00, 0.00, 0.00, 0.00, 0.00, 0.00, 0.00, 0.00, 0.00, 0.00, '2022-09-23 06:18:11', '2022-09-28 01:52:50'),
(185, 'METER01', 4.00, 0.00, 0.00, 0.00, 0.00, 0.00, 0.00, 0.00, 0.00, 0.00, 0.00, 0.00, 0.00, 0.00, 0.00, 0.00, 0.00, 0.00, 0.00, 0.00, 0.00, 0.00, 0.00, 0.00, 0.00, 0.00, 0.00, 0.00, 0.00, 0.00, 0.00, 0.00, 0.00, 0.00, 0.00, '2022-09-23 06:18:16', '2022-09-28 01:52:41'),
(186, 'METER01', 2.00, 0.00, 0.00, 0.00, 0.00, 0.00, 0.00, 0.00, 0.00, 0.00, 0.00, 0.00, 0.00, 0.00, 0.00, 0.00, 0.00, 0.00, 0.00, 0.00, 0.00, 0.00, 0.00, 0.00, 0.00, 0.00, 0.00, 0.00, 0.00, 0.00, 0.00, 0.00, 0.00, 0.00, 0.00, '2022-09-23 06:18:21', '2022-09-28 01:52:32'),
(187, 'METER02', 0.00, 0.00, 0.00, 0.00, 0.00, 0.00, 0.00, 0.00, 0.00, 0.00, 0.00, 0.00, 0.00, 0.00, 0.00, 0.00, 0.00, 0.00, 0.00, 0.00, 0.00, 0.00, 0.00, 0.00, 0.00, 0.00, 0.00, 0.00, 0.00, 0.00, 0.00, 0.00, 0.00, 0.00, 0.00, '2022-09-26 05:56:05', NULL),
(188, 'METER02', 0.00, 0.00, 0.00, 0.00, 0.00, 0.00, 0.00, 0.00, 0.00, 0.00, 0.00, 0.00, 0.00, 0.00, 0.00, 0.00, 0.00, 0.00, 0.00, 0.00, 0.00, 0.00, 0.00, 0.00, 0.00, 0.00, 0.00, 0.00, 0.00, 0.00, 0.00, 0.00, 0.00, 0.00, 0.00, '2022-09-26 05:56:10', NULL),
(189, 'METER02', 0.00, 0.00, 0.00, 0.00, 0.00, 0.00, 0.00, 0.00, 0.00, 0.00, 0.00, 0.00, 0.00, 0.00, 0.00, 0.00, 0.00, 0.00, 0.00, 0.00, 0.00, 0.00, 0.00, 0.00, 0.00, 0.00, 0.00, 0.00, 0.00, 0.00, 0.00, 0.00, 0.00, 0.00, 0.00, '2022-09-26 05:56:15', NULL),
(190, 'METER02', 0.00, 0.00, 0.00, 0.00, 0.00, 0.00, 0.00, 0.00, 0.00, 0.00, 0.00, 0.00, 0.00, 0.00, 0.00, 0.00, 0.00, 0.00, 0.00, 0.00, 0.00, 0.00, 0.00, 0.00, 0.00, 0.00, 0.00, 0.00, 0.00, 0.00, 0.00, 0.00, 0.00, 0.00, 0.00, '2022-09-26 05:56:21', NULL),
(191, 'METER02', 0.00, 0.00, 0.00, 0.00, 0.00, 0.00, 0.00, 0.00, 0.00, 0.00, 0.00, 0.00, 0.00, 0.00, 0.00, 0.00, 0.00, 0.00, 0.00, 0.00, 0.00, 0.00, 0.00, 0.00, 0.00, 0.00, 0.00, 0.00, 0.00, 0.00, 0.00, 0.00, 0.00, 0.00, 0.00, '2022-09-26 05:56:25', NULL),
(192, 'METER02', 0.00, 0.00, 0.00, 0.00, 0.00, 0.00, 0.00, 0.00, 0.00, 0.00, 0.00, 0.00, 0.00, 0.00, 0.00, 0.00, 0.00, 0.00, 0.00, 0.00, 0.00, 0.00, 0.00, 0.00, 0.00, 0.00, 0.00, 0.00, 0.00, 0.00, 0.00, 0.00, 0.00, 0.00, 0.00, '2022-09-26 05:56:31', NULL),
(193, 'METER02', 0.00, 0.00, 0.00, 0.00, 0.00, 0.00, 0.00, 0.00, 0.00, 0.00, 0.00, 0.00, 0.00, 0.00, 0.00, 0.00, 0.00, 0.00, 0.00, 0.00, 0.00, 0.00, 0.00, 0.00, 0.00, 0.00, 0.00, 0.00, 0.00, 0.00, 0.00, 0.00, 0.00, 0.00, 0.00, '2022-09-26 05:56:36', NULL),
(194, 'METER02', 0.00, 0.00, 0.00, 0.00, 0.00, 0.00, 0.00, 0.00, 0.00, 0.00, 0.00, 0.00, 0.00, 0.00, 0.00, 0.00, 0.00, 0.00, 0.00, 0.00, 0.00, 0.00, 0.00, 0.00, 0.00, 0.00, 0.00, 0.00, 0.00, 0.00, 0.00, 0.00, 0.00, 0.00, 0.00, '2022-09-26 05:56:40', NULL),
(195, 'METER02', 0.00, 0.00, 0.00, 0.00, 0.00, 0.00, 0.00, 0.00, 0.00, 0.00, 0.00, 0.00, 0.00, 0.00, 0.00, 0.00, 0.00, 0.00, 0.00, 0.00, 0.00, 0.00, 0.00, 0.00, 0.00, 0.00, 0.00, 0.00, 0.00, 0.00, 0.00, 0.00, 0.00, 0.00, 0.00, '2022-09-26 05:56:45', NULL),
(196, 'METER02', 0.00, 0.00, 0.00, 0.00, 0.00, 0.00, 0.00, 0.00, 0.00, 0.00, 0.00, 0.00, 0.00, 0.00, 0.00, 0.00, 0.00, 0.00, 0.00, 0.00, 0.00, 0.00, 0.00, 0.00, 0.00, 0.00, 0.00, 0.00, 0.00, 0.00, 0.00, 0.00, 0.00, 0.00, 0.00, '2022-09-26 05:56:56', NULL),
(197, 'METER02', 0.00, 0.00, 0.00, 0.00, 0.00, 0.00, 0.00, 0.00, 0.00, 0.00, 0.00, 0.00, 0.00, 0.00, 0.00, 0.00, 0.00, 0.00, 0.00, 0.00, 0.00, 0.00, 0.00, 0.00, 0.00, 0.00, 0.00, 0.00, 0.00, 0.00, 0.00, 0.00, 0.00, 0.00, 0.00, '2022-09-26 05:56:56', NULL),
(198, 'METER02', 0.00, 0.00, 0.00, 0.00, 0.00, 0.00, 0.00, 0.00, 0.00, 0.00, 0.00, 0.00, 0.00, 0.00, 0.00, 0.00, 0.00, 0.00, 0.00, 0.00, 0.00, 0.00, 0.00, 0.00, 0.00, 0.00, 0.00, 0.00, 0.00, 0.00, 0.00, 0.00, 0.00, 0.00, 0.00, '2022-09-26 05:57:01', NULL),
(199, 'METER02', 0.00, 0.00, 0.00, 0.00, 0.00, 0.00, 0.00, 0.00, 0.00, 0.00, 0.00, 0.00, 0.00, 0.00, 0.00, 0.00, 0.00, 0.00, 0.00, 0.00, 0.00, 0.00, 0.00, 0.00, 0.00, 0.00, 0.00, 0.00, 0.00, 0.00, 0.00, 0.00, 0.00, 0.00, 0.00, '2022-09-26 05:57:06', NULL),
(200, 'METER02', 0.00, 0.00, 0.00, 0.00, 0.00, 0.00, 0.00, 0.00, 0.00, 0.00, 0.00, 0.00, 0.00, 0.00, 0.00, 0.00, 0.00, 0.00, 0.00, 0.00, 0.00, 0.00, 0.00, 0.00, 0.00, 0.00, 0.00, 0.00, 0.00, 0.00, 0.00, 0.00, 0.00, 0.00, 0.00, '2022-09-26 05:57:11', NULL),
(201, 'METER02', 0.00, 0.00, 0.00, 0.00, 0.00, 0.00, 0.00, 0.00, 0.00, 0.00, 0.00, 0.00, 0.00, 0.00, 0.00, 0.00, 0.00, 0.00, 0.00, 0.00, 0.00, 0.00, 0.00, 0.00, 0.00, 0.00, 0.00, 0.00, 0.00, 0.00, 0.00, 0.00, 0.00, 0.00, 0.00, '2022-09-26 05:57:16', NULL),
(202, 'METER02', 0.00, 0.00, 0.00, 0.00, 0.00, 0.00, 0.00, 0.00, 0.00, 0.00, 0.00, 0.00, 0.00, 0.00, 0.00, 0.00, 0.00, 0.00, 0.00, 0.00, 0.00, 0.00, 0.00, 0.00, 0.00, 0.00, 0.00, 0.00, 0.00, 0.00, 0.00, 0.00, 0.00, 0.00, 0.00, '2022-09-26 05:57:21', NULL),
(203, 'METER02', 0.00, 0.00, 0.00, 0.00, 0.00, 0.00, 0.00, 0.00, 0.00, 0.00, 0.00, 0.00, 0.00, 0.00, 0.00, 0.00, 0.00, 0.00, 0.00, 0.00, 0.00, 0.00, 0.00, 0.00, 0.00, 0.00, 0.00, 0.00, 0.00, 0.00, 0.00, 0.00, 0.00, 0.00, 0.00, '2022-09-26 05:57:26', NULL),
(204, 'METER02', 0.00, 0.00, 0.00, 0.00, 0.00, 0.00, 0.00, 0.00, 0.00, 0.00, 0.00, 0.00, 0.00, 0.00, 0.00, 0.00, 0.00, 0.00, 0.00, 0.00, 0.00, 0.00, 0.00, 0.00, 0.00, 0.00, 0.00, 0.00, 0.00, 0.00, 0.00, 0.00, 0.00, 0.00, 0.00, '2022-09-26 05:57:31', NULL),
(205, 'METER02', 0.00, 0.00, 0.00, 0.00, 0.00, 0.00, 0.00, 0.00, 0.00, 0.00, 0.00, 0.00, 0.00, 0.00, 0.00, 0.00, 0.00, 0.00, 0.00, 0.00, 0.00, 0.00, 0.00, 0.00, 0.00, 0.00, 0.00, 0.00, 0.00, 0.00, 0.00, 0.00, 0.00, 0.00, 0.00, '2022-09-26 05:57:36', NULL),
(206, 'METER02', 0.00, 0.00, 0.00, 0.00, 0.00, 0.00, 0.00, 0.00, 0.00, 0.00, 0.00, 0.00, 0.00, 0.00, 0.00, 0.00, 0.00, 0.00, 0.00, 0.00, 0.00, 0.00, 0.00, 0.00, 0.00, 0.00, 0.00, 0.00, 0.00, 0.00, 0.00, 0.00, 0.00, 0.00, 0.00, '2022-09-26 05:57:42', NULL),
(207, 'METER02', 0.00, 0.00, 0.00, 0.00, 0.00, 0.00, 0.00, 0.00, 0.00, 0.00, 0.00, 0.00, 0.00, 0.00, 0.00, 0.00, 0.00, 0.00, 0.00, 0.00, 0.00, 0.00, 0.00, 0.00, 0.00, 0.00, 0.00, 0.00, 0.00, 0.00, 0.00, 0.00, 0.00, 0.00, 0.00, '2022-09-26 05:57:46', NULL),
(208, 'METER02', 0.00, 0.00, 0.00, 0.00, 0.00, 0.00, 0.00, 0.00, 0.00, 0.00, 0.00, 0.00, 0.00, 0.00, 0.00, 0.00, 0.00, 0.00, 0.00, 0.00, 0.00, 0.00, 0.00, 0.00, 0.00, 0.00, 0.00, 0.00, 0.00, 0.00, 0.00, 0.00, 0.00, 0.00, 0.00, '2022-09-26 05:57:51', NULL),
(209, 'METER02', 0.00, 0.00, 0.00, 0.00, 0.00, 0.00, 0.00, 0.00, 0.00, 0.00, 0.00, 0.00, 0.00, 0.00, 0.00, 0.00, 0.00, 0.00, 0.00, 0.00, 0.00, 0.00, 0.00, 0.00, 0.00, 0.00, 0.00, 0.00, 0.00, 0.00, 0.00, 0.00, 0.00, 0.00, 0.00, '2022-09-26 05:57:56', NULL),
(210, 'METER02', 0.00, 0.00, 0.00, 0.00, 0.00, 0.00, 0.00, 0.00, 0.00, 0.00, 0.00, 0.00, 0.00, 0.00, 0.00, 0.00, 0.00, 0.00, 0.00, 0.00, 0.00, 0.00, 0.00, 0.00, 0.00, 0.00, 0.00, 0.00, 0.00, 0.00, 0.00, 0.00, 0.00, 0.00, 0.00, '2022-09-26 05:58:01', NULL),
(211, 'METER02', 0.00, 0.00, 0.00, 0.00, 0.00, 0.00, 0.00, 0.00, 0.00, 0.00, 0.00, 0.00, 0.00, 0.00, 0.00, 0.00, 0.00, 0.00, 0.00, 0.00, 0.00, 0.00, 0.00, 0.00, 0.00, 0.00, 0.00, 0.00, 0.00, 0.00, 0.00, 0.00, 0.00, 0.00, 0.00, '2022-09-26 05:58:06', NULL),
(212, 'METER02', 0.00, 0.00, 0.00, 0.00, 0.00, 0.00, 0.00, 0.00, 0.00, 0.00, 0.00, 0.00, 0.00, 0.00, 0.00, 0.00, 0.00, 0.00, 0.00, 0.00, 0.00, 0.00, 0.00, 0.00, 0.00, 0.00, 0.00, 0.00, 0.00, 0.00, 0.00, 0.00, 0.00, 0.00, 0.00, '2022-09-26 05:58:11', NULL),
(213, 'METER02', 0.00, 0.00, 0.00, 0.00, 0.00, 0.00, 0.00, 0.00, 0.00, 0.00, 0.00, 0.00, 0.00, 0.00, 0.00, 0.00, 0.00, 0.00, 0.00, 0.00, 0.00, 0.00, 0.00, 0.00, 0.00, 0.00, 0.00, 0.00, 0.00, 0.00, 0.00, 0.00, 0.00, 0.00, 0.00, '2022-09-26 05:58:16', NULL),
(214, 'METER02', 0.00, 0.00, 0.00, 0.00, 0.00, 0.00, 0.00, 0.00, 0.00, 0.00, 0.00, 0.00, 0.00, 0.00, 0.00, 0.00, 0.00, 0.00, 0.00, 0.00, 0.00, 0.00, 0.00, 0.00, 0.00, 0.00, 0.00, 0.00, 0.00, 0.00, 0.00, 0.00, 0.00, 0.00, 0.00, '2022-09-26 05:58:21', NULL),
(215, 'METER02', 0.00, 0.00, 0.00, 0.00, 0.00, 0.00, 0.00, 0.00, 0.00, 0.00, 0.00, 0.00, 0.00, 0.00, 0.00, 0.00, 0.00, 0.00, 0.00, 0.00, 0.00, 0.00, 0.00, 0.00, 0.00, 0.00, 0.00, 0.00, 0.00, 0.00, 0.00, 0.00, 0.00, 0.00, 0.00, '2022-09-26 06:00:07', NULL),
(216, 'METER02', 0.00, 0.00, 0.00, 0.00, 0.00, 0.00, 0.00, 0.00, 0.00, 0.00, 0.00, 0.00, 0.00, 0.00, 0.00, 0.00, 0.00, 0.00, 0.00, 0.00, 0.00, 0.00, 0.00, 0.00, 0.00, 0.00, 0.00, 0.00, 0.00, 0.00, 0.00, 0.00, 0.00, 0.00, 0.00, '2022-09-26 06:00:12', NULL),
(217, 'METER02', 0.00, 0.00, 0.00, 0.00, 0.00, 0.00, 0.00, 0.00, 0.00, 0.00, 0.00, 0.00, 0.00, 0.00, 0.00, 0.00, 0.00, 0.00, 0.00, 0.00, 0.00, 0.00, 0.00, 0.00, 0.00, 0.00, 0.00, 0.00, 0.00, 0.00, 0.00, 0.00, 0.00, 0.00, 0.00, '2022-09-26 06:00:17', NULL),
(218, 'METER02', 0.00, 0.00, 0.00, 0.00, 0.00, 0.00, 0.00, 0.00, 0.00, 0.00, 0.00, 0.00, 0.00, 0.00, 0.00, 0.00, 0.00, 0.00, 0.00, 0.00, 0.00, 0.00, 0.00, 0.00, 0.00, 0.00, 0.00, 0.00, 0.00, 0.00, 0.00, 0.00, 0.00, 0.00, 0.00, '2022-09-26 06:15:14', NULL),
(219, 'METER02', 0.00, 0.00, 0.00, 0.00, 0.00, 0.00, 0.00, 0.00, 0.00, 0.00, 0.00, 0.00, 0.00, 0.00, 0.00, 0.00, 0.00, 0.00, 0.00, 0.00, 0.00, 0.00, 0.00, 0.00, 0.00, 0.00, 0.00, 0.00, 0.00, 0.00, 0.00, 0.00, 0.00, 0.00, 0.00, '2022-09-26 06:15:19', NULL),
(220, 'METER02', 0.00, 0.00, 0.00, 0.00, 0.00, 0.00, 0.00, 0.00, 0.00, 0.00, 0.00, 0.00, 0.00, 0.00, 0.00, 0.00, 0.00, 0.00, 0.00, 0.00, 0.00, 0.00, 0.00, 0.00, 0.00, 0.00, 0.00, 0.00, 0.00, 0.00, 0.00, 0.00, 0.00, 0.00, 0.00, '2022-09-26 06:15:24', NULL),
(221, 'METER02', 0.00, 0.00, 0.00, 0.00, 0.00, 0.00, 0.00, 0.00, 0.00, 0.00, 0.00, 0.00, 0.00, 0.00, 0.00, 0.00, 0.00, 0.00, 0.00, 0.00, 0.00, 0.00, 0.00, 0.00, 0.00, 0.00, 0.00, 0.00, 0.00, 0.00, 0.00, 0.00, 0.00, 0.00, 0.00, '2022-09-26 06:15:29', NULL),
(222, 'METER02', 0.00, 0.00, 0.00, 0.00, 0.00, 0.00, 0.00, 0.00, 0.00, 0.00, 0.00, 0.00, 0.00, 0.00, 0.00, 0.00, 0.00, 0.00, 0.00, 0.00, 0.00, 0.00, 0.00, 0.00, 0.00, 0.00, 0.00, 0.00, 0.00, 0.00, 0.00, 0.00, 0.00, 0.00, 0.00, '2022-09-26 06:15:34', NULL),
(223, 'METER02', 0.00, 0.00, 0.00, 0.00, 0.00, 0.00, 0.00, 0.00, 0.00, 0.00, 0.00, 0.00, 0.00, 0.00, 0.00, 0.00, 0.00, 0.00, 0.00, 0.00, 0.00, 0.00, 0.00, 0.00, 0.00, 0.00, 0.00, 0.00, 0.00, 0.00, 0.00, 0.00, 0.00, 0.00, 0.00, '2022-09-26 06:15:39', NULL),
(224, 'METER02', 0.00, 0.00, 0.00, 0.00, 0.00, 0.00, 0.00, 0.00, 0.00, 0.00, 0.00, 0.00, 0.00, 0.00, 0.00, 0.00, 0.00, 0.00, 0.00, 0.00, 0.00, 0.00, 0.00, 0.00, 0.00, 0.00, 0.00, 0.00, 0.00, 0.00, 0.00, 0.00, 0.00, 0.00, 0.00, '2022-09-26 06:15:44', NULL),
(225, 'METER02', 0.00, 0.00, 0.00, 0.00, 0.00, 0.00, 0.00, 0.00, 0.00, 0.00, 0.00, 0.00, 0.00, 0.00, 0.00, 0.00, 0.00, 0.00, 0.00, 0.00, 0.00, 0.00, 0.00, 0.00, 0.00, 0.00, 0.00, 0.00, 0.00, 0.00, 0.00, 0.00, 0.00, 0.00, 0.00, '2022-09-26 06:15:49', NULL),
(226, 'METER02', 0.00, 0.00, 0.00, 0.00, 0.00, 0.00, 0.00, 0.00, 0.00, 0.00, 0.00, 0.00, 0.00, 0.00, 0.00, 0.00, 0.00, 0.00, 0.00, 0.00, 0.00, 0.00, 0.00, 0.00, 0.00, 0.00, 0.00, 0.00, 0.00, 0.00, 0.00, 0.00, 0.00, 0.00, 0.00, '2022-09-27 06:15:53', NULL),
(227, 'METER02', 0.00, 0.00, 0.00, 0.00, 0.00, 0.00, 0.00, 0.00, 0.00, 0.00, 0.00, 0.00, 0.00, 0.00, 0.00, 0.00, 0.00, 0.00, 0.00, 0.00, 0.00, 0.00, 0.00, 0.00, 0.00, 0.00, 0.00, 0.00, 0.00, 0.00, 0.00, 0.00, 0.00, 0.00, 0.00, '2022-09-27 06:15:58', NULL),
(228, 'METER02', 0.00, 0.00, 0.00, 0.00, 0.00, 0.00, 0.00, 0.00, 0.00, 0.00, 0.00, 0.00, 0.00, 0.00, 0.00, 0.00, 0.00, 0.00, 0.00, 0.00, 0.00, 0.00, 0.00, 0.00, 0.00, 0.00, 0.00, 0.00, 0.00, 0.00, 0.00, 0.00, 0.00, 0.00, 0.00, '2022-10-01 06:16:03', NULL),
(229, 'METER02', 0.00, 0.00, 0.00, 0.00, 0.00, 0.00, 0.00, 0.00, 0.00, 0.00, 0.00, 0.00, 0.00, 0.00, 0.00, 0.00, 0.00, 0.00, 0.00, 0.00, 0.00, 0.00, 0.00, 0.00, 0.00, 0.00, 0.00, 0.00, 0.00, 0.00, 0.00, 0.00, 0.00, 0.00, 0.00, '2022-10-01 06:16:08', NULL),
(230, 'METER02', 0.00, 0.00, 0.00, 0.00, 0.00, 0.00, 0.00, 0.00, 0.00, 0.00, 0.00, 0.00, 0.00, 0.00, 0.00, 0.00, 0.00, 0.00, 0.00, 0.00, 0.00, 0.00, 0.00, 0.00, 0.00, 0.00, 0.00, 0.00, 0.00, 0.00, 0.00, 0.00, 0.00, 0.00, 0.00, '2022-10-01 06:16:13', NULL),
(231, 'METER02', 0.00, 0.00, 0.00, 0.00, 0.00, 0.00, 0.00, 0.00, 0.00, 0.00, 0.00, 0.00, 0.00, 0.00, 0.00, 0.00, 0.00, 0.00, 0.00, 0.00, 0.00, 0.00, 0.00, 0.00, 0.00, 0.00, 0.00, 0.00, 0.00, 0.00, 0.00, 0.00, 0.00, 0.00, 0.00, '2022-09-26 05:59:47', NULL),
(232, 'METER02', 0.00, 0.00, 0.00, 0.00, 0.00, 0.00, 0.00, 0.00, 0.00, 0.00, 0.00, 0.00, 0.00, 0.00, 0.00, 0.00, 0.00, 0.00, 0.00, 0.00, 0.00, 0.00, 0.00, 0.00, 0.00, 0.00, 0.00, 0.00, 0.00, 0.00, 0.00, 0.00, 0.00, 0.00, 0.00, '2022-09-26 05:59:52', NULL),
(233, 'METER02', 0.00, 0.00, 0.00, 0.00, 0.00, 0.00, 0.00, 0.00, 0.00, 0.00, 0.00, 0.00, 0.00, 0.00, 0.00, 0.00, 0.00, 0.00, 0.00, 0.00, 0.00, 0.00, 0.00, 0.00, 0.00, 0.00, 0.00, 0.00, 0.00, 0.00, 0.00, 0.00, 0.00, 0.00, 0.00, '2022-09-26 05:59:57', NULL),
(234, 'METER02', 0.00, 0.00, 0.00, 0.00, 0.00, 0.00, 0.00, 0.00, 0.00, 0.00, 0.00, 0.00, 0.00, 0.00, 0.00, 0.00, 0.00, 0.00, 0.00, 0.00, 0.00, 0.00, 0.00, 0.00, 0.00, 0.00, 0.00, 0.00, 0.00, 0.00, 0.00, 0.00, 0.00, 0.00, 0.00, '2022-09-26 06:00:02', NULL),
(235, 'METER02', 0.00, 0.00, 0.00, 0.00, 0.00, 0.00, 0.00, 0.00, 0.00, 0.00, 0.00, 0.00, 0.00, 0.00, 0.00, 0.00, 0.00, 0.00, 0.00, 0.00, 0.00, 0.00, 0.00, 0.00, 0.00, 0.00, 0.00, 0.00, 0.00, 0.00, 0.00, 0.00, 0.00, 0.00, 0.00, '2022-09-26 06:00:07', NULL),
(236, 'METER02', 0.00, 0.00, 0.00, 0.00, 0.00, 0.00, 0.00, 0.00, 0.00, 0.00, 0.00, 0.00, 0.00, 0.00, 0.00, 0.00, 0.00, 0.00, 0.00, 0.00, 0.00, 0.00, 0.00, 0.00, 0.00, 0.00, 0.00, 0.00, 0.00, 0.00, 0.00, 0.00, 0.00, 0.00, 0.00, '2022-09-26 06:00:12', NULL),
(237, 'METER02', 0.00, 0.00, 0.00, 0.00, 0.00, 0.00, 0.00, 0.00, 0.00, 0.00, 0.00, 0.00, 0.00, 0.00, 0.00, 0.00, 0.00, 0.00, 0.00, 0.00, 0.00, 0.00, 0.00, 0.00, 0.00, 0.00, 0.00, 0.00, 0.00, 0.00, 0.00, 0.00, 0.00, 0.00, 0.00, '2022-09-26 06:00:17', NULL),
(238, 'METER02', 0.00, 0.00, 0.00, 0.00, 0.00, 0.00, 0.00, 0.00, 0.00, 0.00, 0.00, 0.00, 0.00, 0.00, 0.00, 0.00, 0.00, 0.00, 0.00, 0.00, 0.00, 0.00, 0.00, 0.00, 0.00, 0.00, 0.00, 0.00, 0.00, 0.00, 0.00, 0.00, 0.00, 0.00, 0.00, '2022-09-26 06:00:22', NULL),
(239, 'METER02', 0.00, 0.00, 0.00, 0.00, 0.00, 0.00, 0.00, 0.00, 0.00, 0.00, 0.00, 0.00, 0.00, 0.00, 0.00, 0.00, 0.00, 0.00, 0.00, 0.00, 0.00, 0.00, 0.00, 0.00, 0.00, 0.00, 0.00, 0.00, 0.00, 0.00, 0.00, 0.00, 0.00, 0.00, 0.00, '2022-09-26 06:00:27', NULL),
(240, 'METER02', 0.00, 0.00, 0.00, 0.00, 0.00, 0.00, 0.00, 0.00, 0.00, 0.00, 0.00, 0.00, 0.00, 0.00, 0.00, 0.00, 0.00, 0.00, 0.00, 0.00, 0.00, 0.00, 0.00, 0.00, 0.00, 0.00, 0.00, 0.00, 0.00, 0.00, 0.00, 0.00, 0.00, 0.00, 0.00, '2022-10-27 06:00:31', NULL),
(241, 'METER02', 0.00, 0.00, 0.00, 0.00, 0.00, 0.00, 0.00, 0.00, 0.00, 0.00, 0.00, 0.00, 0.00, 0.00, 0.00, 0.00, 0.00, 0.00, 0.00, 0.00, 0.00, 0.00, 0.00, 0.00, 0.00, 0.00, 0.00, 0.00, 0.00, 0.00, 0.00, 0.00, 0.00, 0.00, 0.00, '2022-10-27 06:00:36', NULL),
(242, 'METER02', 0.00, 0.00, 0.00, 0.00, 0.00, 0.00, 0.00, 0.00, 0.00, 0.00, 0.00, 0.00, 0.00, 0.00, 0.00, 0.00, 0.00, 0.00, 0.00, 0.00, 0.00, 0.00, 0.00, 0.00, 0.00, 0.00, 0.00, 0.00, 0.00, 0.00, 0.00, 0.00, 0.00, 0.00, 0.00, '2022-10-27 06:00:41', NULL),
(243, 'METER02', 0.00, 0.00, 0.00, 0.00, 0.00, 0.00, 0.00, 0.00, 0.00, 0.00, 0.00, 0.00, 0.00, 0.00, 0.00, 0.00, 0.00, 0.00, 0.00, 0.00, 0.00, 0.00, 0.00, 0.00, 0.00, 0.00, 0.00, 0.00, 0.00, 0.00, 0.00, 0.00, 0.00, 0.00, 0.00, '2022-10-27 06:00:46', NULL),
(244, 'METER02', 0.00, 0.00, 0.00, 0.00, 0.00, 0.00, 0.00, 0.00, 0.00, 0.00, 0.00, 0.00, 0.00, 0.00, 0.00, 0.00, 0.00, 0.00, 0.00, 0.00, 0.00, 0.00, 0.00, 0.00, 0.00, 0.00, 0.00, 0.00, 0.00, 0.00, 0.00, 0.00, 0.00, 0.00, 0.00, '2022-09-26 06:00:52', NULL),
(245, 'METER02', 0.00, 0.00, 0.00, 0.00, 0.00, 0.00, 0.00, 0.00, 0.00, 0.00, 0.00, 0.00, 0.00, 0.00, 0.00, 0.00, 0.00, 0.00, 0.00, 0.00, 0.00, 0.00, 0.00, 0.00, 0.00, 0.00, 0.00, 0.00, 0.00, 0.00, 0.00, 0.00, 0.00, 0.00, 0.00, '2022-09-26 06:00:57', NULL);

-- --------------------------------------------------------

--
-- Struktur dari tabel `kualitas_air`
--

CREATE TABLE `kualitas_air` (
  `id` bigint(20) UNSIGNED NOT NULL,
  `tds` int(11) NOT NULL,
  `tss` double(8,2) NOT NULL,
  `ph` double(8,2) NOT NULL,
  `created_at` timestamp NULL DEFAULT NULL,
  `updated_at` timestamp NULL DEFAULT NULL
) ENGINE=InnoDB DEFAULT CHARSET=utf8mb4 COLLATE=utf8mb4_unicode_ci;

-- --------------------------------------------------------

--
-- Struktur dari tabel `migrations`
--

CREATE TABLE `migrations` (
  `id` int(10) UNSIGNED NOT NULL,
  `migration` varchar(255) COLLATE utf8mb4_unicode_ci NOT NULL,
  `batch` int(11) NOT NULL
) ENGINE=InnoDB DEFAULT CHARSET=utf8mb4 COLLATE=utf8mb4_unicode_ci;

--
-- Dumping data untuk tabel `migrations`
--

INSERT INTO `migrations` (`id`, `migration`, `batch`) VALUES
(7, '2022_09_12_015425_debit_air', 1),
(8, '2022_09_12_020125_kualitas_air', 1),
(9, '2022_09_12_021404_rekapdata_volume', 1),
(10, '2022_09_12_034215_m_device', 1),
(11, '2022_09_12_035158_konsumsi_listrik', 1);

-- --------------------------------------------------------

--
-- Struktur dari tabel `tbl_volume_harian`
--

CREATE TABLE `tbl_volume_harian` (
  `id` bigint(20) UNSIGNED NOT NULL,
  `hari` varchar(255) COLLATE utf8mb4_unicode_ci NOT NULL,
  `volume` double(8,2) NOT NULL,
  `arah` enum('masuk','keluar') COLLATE utf8mb4_unicode_ci NOT NULL,
  `created_at` timestamp NULL DEFAULT NULL,
  `updated_at` timestamp NULL DEFAULT NULL
) ENGINE=InnoDB DEFAULT CHARSET=utf8mb4 COLLATE=utf8mb4_unicode_ci;

-- --------------------------------------------------------

--
-- Struktur dari tabel `test`
--

CREATE TABLE `test` (
  `id` varchar(50) NOT NULL
) ENGINE=InnoDB DEFAULT CHARSET=utf8mb4;

-- --------------------------------------------------------

--
-- Stand-in struktur untuk tampilan `view_1bulan`
-- (Lihat di bawah untuk tampilan aktual)
--
CREATE TABLE `view_1bulan` (
`device_id` varchar(255)
,`Current_A` double(15,6)
,`Current_B` double(15,6)
,`Current_C` double(15,6)
,`Current_N` double(15,6)
,`Current_G` double(15,6)
,`Current_Avg` double(15,6)
,`Voltage_A_B` double(15,6)
,`Voltage_B_C` double(15,6)
,`Voltage_C_A` double(15,6)
,`Voltage_L_L_Avg` double(15,6)
,`Voltage_A_N` double(15,6)
,`Voltage_B_N` double(15,6)
,`Voltage_C_N` double(15,6)
,`Voltage_L_N_Avg` double(15,6)
,`Active_Power_A` double(15,6)
,`Active_Power_B` double(15,6)
,`Active_Power_C` double(15,6)
,`Active_Power_Total` double(15,6)
,`Reactive_Power_A` double(15,6)
,`Reactive_Power_B` double(15,6)
,`Reactive_Power_C` double(15,6)
,`Reactive_Power_Total` double(15,6)
,`Apparent_Power_A` double(15,6)
,`Apparent_Power_B` double(15,6)
,`Apparent_Power_C` double(15,6)
,`Apparent_Power_Total` double(15,6)
,`Power_Factor_A` double(15,6)
,`Power_Factor_B` double(15,6)
,`Power_Factor_C` double(15,6)
,`Power_Factor_Total` double(15,6)
,`Displacement_Power_Factor_A` double(15,6)
,`Displacement_Power_Factor_B` double(15,6)
,`Displacement_Power_Factor_C` double(15,6)
,`Displacement_Power_Factor_Total` double(15,6)
,`Frequency` double(15,6)
,`date_time` varchar(24)
);

-- --------------------------------------------------------

--
-- Stand-in struktur untuk tampilan `view_1hari`
-- (Lihat di bawah untuk tampilan aktual)
--
CREATE TABLE `view_1hari` (
`device_id` varchar(255)
,`Current_A` double(15,6)
,`Current_B` double(15,6)
,`Current_C` double(15,6)
,`Current_N` double(15,6)
,`Current_G` double(15,6)
,`Current_Avg` double(15,6)
,`Voltage_A_B` double(15,6)
,`Voltage_B_C` double(15,6)
,`Voltage_C_A` double(15,6)
,`Voltage_L_L_Avg` double(15,6)
,`Voltage_A_N` double(15,6)
,`Voltage_B_N` double(15,6)
,`Voltage_C_N` double(15,6)
,`Voltage_L_N_Avg` double(15,6)
,`Active_Power_A` double(15,6)
,`Active_Power_B` double(15,6)
,`Active_Power_C` double(15,6)
,`Active_Power_Total` double(15,6)
,`Reactive_Power_A` double(15,6)
,`Reactive_Power_B` double(15,6)
,`Reactive_Power_C` double(15,6)
,`Reactive_Power_Total` double(15,6)
,`Apparent_Power_A` double(15,6)
,`Apparent_Power_B` double(15,6)
,`Apparent_Power_C` double(15,6)
,`Apparent_Power_Total` double(15,6)
,`Power_Factor_A` double(15,6)
,`Power_Factor_B` double(15,6)
,`Power_Factor_C` double(15,6)
,`Power_Factor_Total` double(15,6)
,`Displacement_Power_Factor_A` double(15,6)
,`Displacement_Power_Factor_B` double(15,6)
,`Displacement_Power_Factor_C` double(15,6)
,`Displacement_Power_Factor_Total` double(15,6)
,`Frequency` double(15,6)
,`date_time` varchar(24)
);

-- --------------------------------------------------------

--
-- Stand-in struktur untuk tampilan `view_1jam`
-- (Lihat di bawah untuk tampilan aktual)
--
CREATE TABLE `view_1jam` (
`device_id` varchar(255)
,`Current_A` double(15,6)
,`Current_B` double(15,6)
,`Current_C` double(15,6)
,`Current_N` double(15,6)
,`Current_G` double(15,6)
,`Current_Avg` double(15,6)
,`Voltage_A_B` double(15,6)
,`Voltage_B_C` double(15,6)
,`Voltage_C_A` double(15,6)
,`Voltage_L_L_Avg` double(15,6)
,`Voltage_A_N` double(15,6)
,`Voltage_B_N` double(15,6)
,`Voltage_C_N` double(15,6)
,`Voltage_L_N_Avg` double(15,6)
,`Active_Power_A` double(15,6)
,`Active_Power_B` double(15,6)
,`Active_Power_C` double(15,6)
,`Active_Power_Total` double(15,6)
,`Reactive_Power_A` double(15,6)
,`Reactive_Power_B` double(15,6)
,`Reactive_Power_C` double(15,6)
,`Reactive_Power_Total` double(15,6)
,`Apparent_Power_A` double(15,6)
,`Apparent_Power_B` double(15,6)
,`Apparent_Power_C` double(15,6)
,`Apparent_Power_Total` double(15,6)
,`Power_Factor_A` double(15,6)
,`Power_Factor_B` double(15,6)
,`Power_Factor_C` double(15,6)
,`Power_Factor_Total` double(15,6)
,`Displacement_Power_Factor_A` double(15,6)
,`Displacement_Power_Factor_B` double(15,6)
,`Displacement_Power_Factor_C` double(15,6)
,`Displacement_Power_Factor_Total` double(15,6)
,`Frequency` double(15,6)
,`date_time` varchar(24)
);

-- --------------------------------------------------------

--
-- Stand-in struktur untuk tampilan `view_15m`
-- (Lihat di bawah untuk tampilan aktual)
--
CREATE TABLE `view_15m` (
`device_id` varchar(255)
,`Current_A` double(15,6)
,`Current_B` double(15,6)
,`Current_C` double(15,6)
,`Current_N` double(15,6)
,`Current_G` double(15,6)
,`Current_Avg` double(15,6)
,`Voltage_A_B` double(15,6)
,`Voltage_B_C` double(15,6)
,`Voltage_C_A` double(15,6)
,`Voltage_L_L_Avg` double(15,6)
,`Voltage_A_N` double(15,6)
,`Voltage_B_N` double(15,6)
,`Voltage_C_N` double(15,6)
,`Voltage_L_N_Avg` double(15,6)
,`Active_Power_A` double(15,6)
,`Active_Power_B` double(15,6)
,`Active_Power_C` double(15,6)
,`Active_Power_Total` double(15,6)
,`Reactive_Power_A` double(15,6)
,`Reactive_Power_B` double(15,6)
,`Reactive_Power_C` double(15,6)
,`Reactive_Power_Total` double(15,6)
,`Apparent_Power_A` double(15,6)
,`Apparent_Power_B` double(15,6)
,`Apparent_Power_C` double(15,6)
,`Apparent_Power_Total` double(15,6)
,`Power_Factor_A` double(15,6)
,`Power_Factor_B` double(15,6)
,`Power_Factor_C` double(15,6)
,`Power_Factor_Total` double(15,6)
,`Displacement_Power_Factor_A` double(15,6)
,`Displacement_Power_Factor_B` double(15,6)
,`Displacement_Power_Factor_C` double(15,6)
,`Displacement_Power_Factor_Total` double(15,6)
,`Frequency` double(15,6)
,`date_time` varchar(24)
);

-- --------------------------------------------------------

--
-- Struktur untuk view `view_1bulan`
--
DROP TABLE IF EXISTS `view_1bulan`;

CREATE ALGORITHM=UNDEFINED DEFINER=`root`@`localhost` SQL SECURITY DEFINER VIEW `view_1bulan`  AS  select `konsumsi_listrik`.`device_id` AS `device_id`,avg(`konsumsi_listrik`.`Current_A`) AS `Current_A`,avg(`konsumsi_listrik`.`Current_B`) AS `Current_B`,avg(`konsumsi_listrik`.`Current_C`) AS `Current_C`,avg(`konsumsi_listrik`.`Current_N`) AS `Current_N`,avg(`konsumsi_listrik`.`Current_G`) AS `Current_G`,avg(`konsumsi_listrik`.`Current_Avg`) AS `Current_Avg`,avg(`konsumsi_listrik`.`Voltage_A_B`) AS `Voltage_A_B`,avg(`konsumsi_listrik`.`Voltage_B_C`) AS `Voltage_B_C`,avg(`konsumsi_listrik`.`Voltage_C_A`) AS `Voltage_C_A`,avg(`konsumsi_listrik`.`Voltage_L_L_Avg`) AS `Voltage_L_L_Avg`,avg(`konsumsi_listrik`.`Voltage_A_N`) AS `Voltage_A_N`,avg(`konsumsi_listrik`.`Voltage_B_N`) AS `Voltage_B_N`,avg(`konsumsi_listrik`.`Voltage_C_N`) AS `Voltage_C_N`,avg(`konsumsi_listrik`.`Voltage_L_N_Avg`) AS `Voltage_L_N_Avg`,avg(`konsumsi_listrik`.`Active_Power_A`) AS `Active_Power_A`,avg(`konsumsi_listrik`.`Active_Power_B`) AS `Active_Power_B`,avg(`konsumsi_listrik`.`Active_Power_C`) AS `Active_Power_C`,avg(`konsumsi_listrik`.`Active_Power_Total`) AS `Active_Power_Total`,avg(`konsumsi_listrik`.`Reactive_Power_A`) AS `Reactive_Power_A`,avg(`konsumsi_listrik`.`Reactive_Power_B`) AS `Reactive_Power_B`,avg(`konsumsi_listrik`.`Reactive_Power_C`) AS `Reactive_Power_C`,avg(`konsumsi_listrik`.`Reactive_Power_Total`) AS `Reactive_Power_Total`,avg(`konsumsi_listrik`.`Apparent_Power_A`) AS `Apparent_Power_A`,avg(`konsumsi_listrik`.`Apparent_Power_B`) AS `Apparent_Power_B`,avg(`konsumsi_listrik`.`Apparent_Power_C`) AS `Apparent_Power_C`,avg(`konsumsi_listrik`.`Apparent_Power_Total`) AS `Apparent_Power_Total`,avg(`konsumsi_listrik`.`Power_Factor_A`) AS `Power_Factor_A`,avg(`konsumsi_listrik`.`Power_Factor_B`) AS `Power_Factor_B`,avg(`konsumsi_listrik`.`Power_Factor_C`) AS `Power_Factor_C`,avg(`konsumsi_listrik`.`Power_Factor_Total`) AS `Power_Factor_Total`,avg(`konsumsi_listrik`.`Displacement_Power_Factor_A`) AS `Displacement_Power_Factor_A`,avg(`konsumsi_listrik`.`Displacement_Power_Factor_B`) AS `Displacement_Power_Factor_B`,avg(`konsumsi_listrik`.`Displacement_Power_Factor_C`) AS `Displacement_Power_Factor_C`,avg(`konsumsi_listrik`.`Displacement_Power_Factor_Total`) AS `Displacement_Power_Factor_Total`,avg(`konsumsi_listrik`.`Frequency`) AS `Frequency`,date_format(from_unixtime(unix_timestamp(`konsumsi_listrik`.`created_at`) - unix_timestamp(`konsumsi_listrik`.`created_at`) MOD 2678400),'%Y-%m-%d %H:%i:00') AS `date_time` from `konsumsi_listrik` group by date_format(from_unixtime(unix_timestamp(`konsumsi_listrik`.`created_at`) - unix_timestamp(`konsumsi_listrik`.`created_at`) MOD 2678400),'%Y-%m-%d %H:%i:00') ;

-- --------------------------------------------------------

--
-- Struktur untuk view `view_1hari`
--
DROP TABLE IF EXISTS `view_1hari`;

CREATE ALGORITHM=UNDEFINED DEFINER=`root`@`localhost` SQL SECURITY DEFINER VIEW `view_1hari`  AS  select `konsumsi_listrik`.`device_id` AS `device_id`,avg(`konsumsi_listrik`.`Current_A`) AS `Current_A`,avg(`konsumsi_listrik`.`Current_B`) AS `Current_B`,avg(`konsumsi_listrik`.`Current_C`) AS `Current_C`,avg(`konsumsi_listrik`.`Current_N`) AS `Current_N`,avg(`konsumsi_listrik`.`Current_G`) AS `Current_G`,avg(`konsumsi_listrik`.`Current_Avg`) AS `Current_Avg`,avg(`konsumsi_listrik`.`Voltage_A_B`) AS `Voltage_A_B`,avg(`konsumsi_listrik`.`Voltage_B_C`) AS `Voltage_B_C`,avg(`konsumsi_listrik`.`Voltage_C_A`) AS `Voltage_C_A`,avg(`konsumsi_listrik`.`Voltage_L_L_Avg`) AS `Voltage_L_L_Avg`,avg(`konsumsi_listrik`.`Voltage_A_N`) AS `Voltage_A_N`,avg(`konsumsi_listrik`.`Voltage_B_N`) AS `Voltage_B_N`,avg(`konsumsi_listrik`.`Voltage_C_N`) AS `Voltage_C_N`,avg(`konsumsi_listrik`.`Voltage_L_N_Avg`) AS `Voltage_L_N_Avg`,avg(`konsumsi_listrik`.`Active_Power_A`) AS `Active_Power_A`,avg(`konsumsi_listrik`.`Active_Power_B`) AS `Active_Power_B`,avg(`konsumsi_listrik`.`Active_Power_C`) AS `Active_Power_C`,avg(`konsumsi_listrik`.`Active_Power_Total`) AS `Active_Power_Total`,avg(`konsumsi_listrik`.`Reactive_Power_A`) AS `Reactive_Power_A`,avg(`konsumsi_listrik`.`Reactive_Power_B`) AS `Reactive_Power_B`,avg(`konsumsi_listrik`.`Reactive_Power_C`) AS `Reactive_Power_C`,avg(`konsumsi_listrik`.`Reactive_Power_Total`) AS `Reactive_Power_Total`,avg(`konsumsi_listrik`.`Apparent_Power_A`) AS `Apparent_Power_A`,avg(`konsumsi_listrik`.`Apparent_Power_B`) AS `Apparent_Power_B`,avg(`konsumsi_listrik`.`Apparent_Power_C`) AS `Apparent_Power_C`,avg(`konsumsi_listrik`.`Apparent_Power_Total`) AS `Apparent_Power_Total`,avg(`konsumsi_listrik`.`Power_Factor_A`) AS `Power_Factor_A`,avg(`konsumsi_listrik`.`Power_Factor_B`) AS `Power_Factor_B`,avg(`konsumsi_listrik`.`Power_Factor_C`) AS `Power_Factor_C`,avg(`konsumsi_listrik`.`Power_Factor_Total`) AS `Power_Factor_Total`,avg(`konsumsi_listrik`.`Displacement_Power_Factor_A`) AS `Displacement_Power_Factor_A`,avg(`konsumsi_listrik`.`Displacement_Power_Factor_B`) AS `Displacement_Power_Factor_B`,avg(`konsumsi_listrik`.`Displacement_Power_Factor_C`) AS `Displacement_Power_Factor_C`,avg(`konsumsi_listrik`.`Displacement_Power_Factor_Total`) AS `Displacement_Power_Factor_Total`,avg(`konsumsi_listrik`.`Frequency`) AS `Frequency`,date_format(from_unixtime(unix_timestamp(`konsumsi_listrik`.`created_at`) - unix_timestamp(`konsumsi_listrik`.`created_at`) MOD 86400),'%Y-%m-%d %H:%i:00') AS `date_time` from `konsumsi_listrik` group by date_format(from_unixtime(unix_timestamp(`konsumsi_listrik`.`created_at`) - unix_timestamp(`konsumsi_listrik`.`created_at`) MOD 86400),'%Y-%m-%d %H:%i:00') ;

-- --------------------------------------------------------

--
-- Struktur untuk view `view_1jam`
--
DROP TABLE IF EXISTS `view_1jam`;

CREATE ALGORITHM=UNDEFINED DEFINER=`root`@`localhost` SQL SECURITY DEFINER VIEW `view_1jam`  AS  select `konsumsi_listrik`.`device_id` AS `device_id`,avg(`konsumsi_listrik`.`Current_A`) AS `Current_A`,avg(`konsumsi_listrik`.`Current_B`) AS `Current_B`,avg(`konsumsi_listrik`.`Current_C`) AS `Current_C`,avg(`konsumsi_listrik`.`Current_N`) AS `Current_N`,avg(`konsumsi_listrik`.`Current_G`) AS `Current_G`,avg(`konsumsi_listrik`.`Current_Avg`) AS `Current_Avg`,avg(`konsumsi_listrik`.`Voltage_A_B`) AS `Voltage_A_B`,avg(`konsumsi_listrik`.`Voltage_B_C`) AS `Voltage_B_C`,avg(`konsumsi_listrik`.`Voltage_C_A`) AS `Voltage_C_A`,avg(`konsumsi_listrik`.`Voltage_L_L_Avg`) AS `Voltage_L_L_Avg`,avg(`konsumsi_listrik`.`Voltage_A_N`) AS `Voltage_A_N`,avg(`konsumsi_listrik`.`Voltage_B_N`) AS `Voltage_B_N`,avg(`konsumsi_listrik`.`Voltage_C_N`) AS `Voltage_C_N`,avg(`konsumsi_listrik`.`Voltage_L_N_Avg`) AS `Voltage_L_N_Avg`,avg(`konsumsi_listrik`.`Active_Power_A`) AS `Active_Power_A`,avg(`konsumsi_listrik`.`Active_Power_B`) AS `Active_Power_B`,avg(`konsumsi_listrik`.`Active_Power_C`) AS `Active_Power_C`,avg(`konsumsi_listrik`.`Active_Power_Total`) AS `Active_Power_Total`,avg(`konsumsi_listrik`.`Reactive_Power_A`) AS `Reactive_Power_A`,avg(`konsumsi_listrik`.`Reactive_Power_B`) AS `Reactive_Power_B`,avg(`konsumsi_listrik`.`Reactive_Power_C`) AS `Reactive_Power_C`,avg(`konsumsi_listrik`.`Reactive_Power_Total`) AS `Reactive_Power_Total`,avg(`konsumsi_listrik`.`Apparent_Power_A`) AS `Apparent_Power_A`,avg(`konsumsi_listrik`.`Apparent_Power_B`) AS `Apparent_Power_B`,avg(`konsumsi_listrik`.`Apparent_Power_C`) AS `Apparent_Power_C`,avg(`konsumsi_listrik`.`Apparent_Power_Total`) AS `Apparent_Power_Total`,avg(`konsumsi_listrik`.`Power_Factor_A`) AS `Power_Factor_A`,avg(`konsumsi_listrik`.`Power_Factor_B`) AS `Power_Factor_B`,avg(`konsumsi_listrik`.`Power_Factor_C`) AS `Power_Factor_C`,avg(`konsumsi_listrik`.`Power_Factor_Total`) AS `Power_Factor_Total`,avg(`konsumsi_listrik`.`Displacement_Power_Factor_A`) AS `Displacement_Power_Factor_A`,avg(`konsumsi_listrik`.`Displacement_Power_Factor_B`) AS `Displacement_Power_Factor_B`,avg(`konsumsi_listrik`.`Displacement_Power_Factor_C`) AS `Displacement_Power_Factor_C`,avg(`konsumsi_listrik`.`Displacement_Power_Factor_Total`) AS `Displacement_Power_Factor_Total`,avg(`konsumsi_listrik`.`Frequency`) AS `Frequency`,date_format(from_unixtime(unix_timestamp(`konsumsi_listrik`.`created_at`) - unix_timestamp(`konsumsi_listrik`.`created_at`) MOD 3600),'%Y-%m-%d %H:%i:00') AS `date_time` from `konsumsi_listrik` group by date_format(from_unixtime(unix_timestamp(`konsumsi_listrik`.`created_at`) - unix_timestamp(`konsumsi_listrik`.`created_at`) MOD 3600),'%Y-%m-%d %H:%i:00') ;

-- --------------------------------------------------------

--
-- Struktur untuk view `view_15m`
--
DROP TABLE IF EXISTS `view_15m`;

CREATE ALGORITHM=UNDEFINED DEFINER=`root`@`localhost` SQL SECURITY DEFINER VIEW `view_15m`  AS  select `konsumsi_listrik`.`device_id` AS `device_id`,avg(`konsumsi_listrik`.`Current_A`) AS `Current_A`,avg(`konsumsi_listrik`.`Current_B`) AS `Current_B`,avg(`konsumsi_listrik`.`Current_C`) AS `Current_C`,avg(`konsumsi_listrik`.`Current_N`) AS `Current_N`,avg(`konsumsi_listrik`.`Current_G`) AS `Current_G`,avg(`konsumsi_listrik`.`Current_Avg`) AS `Current_Avg`,avg(`konsumsi_listrik`.`Voltage_A_B`) AS `Voltage_A_B`,avg(`konsumsi_listrik`.`Voltage_B_C`) AS `Voltage_B_C`,avg(`konsumsi_listrik`.`Voltage_C_A`) AS `Voltage_C_A`,avg(`konsumsi_listrik`.`Voltage_L_L_Avg`) AS `Voltage_L_L_Avg`,avg(`konsumsi_listrik`.`Voltage_A_N`) AS `Voltage_A_N`,avg(`konsumsi_listrik`.`Voltage_B_N`) AS `Voltage_B_N`,avg(`konsumsi_listrik`.`Voltage_C_N`) AS `Voltage_C_N`,avg(`konsumsi_listrik`.`Voltage_L_N_Avg`) AS `Voltage_L_N_Avg`,avg(`konsumsi_listrik`.`Active_Power_A`) AS `Active_Power_A`,avg(`konsumsi_listrik`.`Active_Power_B`) AS `Active_Power_B`,avg(`konsumsi_listrik`.`Active_Power_C`) AS `Active_Power_C`,avg(`konsumsi_listrik`.`Active_Power_Total`) AS `Active_Power_Total`,avg(`konsumsi_listrik`.`Reactive_Power_A`) AS `Reactive_Power_A`,avg(`konsumsi_listrik`.`Reactive_Power_B`) AS `Reactive_Power_B`,avg(`konsumsi_listrik`.`Reactive_Power_C`) AS `Reactive_Power_C`,avg(`konsumsi_listrik`.`Reactive_Power_Total`) AS `Reactive_Power_Total`,avg(`konsumsi_listrik`.`Apparent_Power_A`) AS `Apparent_Power_A`,avg(`konsumsi_listrik`.`Apparent_Power_B`) AS `Apparent_Power_B`,avg(`konsumsi_listrik`.`Apparent_Power_C`) AS `Apparent_Power_C`,avg(`konsumsi_listrik`.`Apparent_Power_Total`) AS `Apparent_Power_Total`,avg(`konsumsi_listrik`.`Power_Factor_A`) AS `Power_Factor_A`,avg(`konsumsi_listrik`.`Power_Factor_B`) AS `Power_Factor_B`,avg(`konsumsi_listrik`.`Power_Factor_C`) AS `Power_Factor_C`,avg(`konsumsi_listrik`.`Power_Factor_Total`) AS `Power_Factor_Total`,avg(`konsumsi_listrik`.`Displacement_Power_Factor_A`) AS `Displacement_Power_Factor_A`,avg(`konsumsi_listrik`.`Displacement_Power_Factor_B`) AS `Displacement_Power_Factor_B`,avg(`konsumsi_listrik`.`Displacement_Power_Factor_C`) AS `Displacement_Power_Factor_C`,avg(`konsumsi_listrik`.`Displacement_Power_Factor_Total`) AS `Displacement_Power_Factor_Total`,avg(`konsumsi_listrik`.`Frequency`) AS `Frequency`,date_format(from_unixtime(unix_timestamp(`konsumsi_listrik`.`created_at`) - unix_timestamp(`konsumsi_listrik`.`created_at`) MOD 900),'%Y-%m-%d %H:%i:00') AS `date_time` from `konsumsi_listrik` group by date_format(from_unixtime(unix_timestamp(`konsumsi_listrik`.`created_at`) - unix_timestamp(`konsumsi_listrik`.`created_at`) MOD 900),'%Y-%m-%d %H:%i:00') ;

--
-- Indexes for dumped tables
--

--
-- Indeks untuk tabel `debit_air`
--
ALTER TABLE `debit_air`
  ADD PRIMARY KEY (`id`);

--
-- Indeks untuk tabel `device`
--
ALTER TABLE `device`
  ADD PRIMARY KEY (`device_id`);

--
-- Indeks untuk tabel `konsumsi_listrik`
--
ALTER TABLE `konsumsi_listrik`
  ADD PRIMARY KEY (`id`),
  ADD KEY `konsumsi_listrik_device_id_foreign` (`device_id`);

--
-- Indeks untuk tabel `kualitas_air`
--
ALTER TABLE `kualitas_air`
  ADD PRIMARY KEY (`id`);

--
-- Indeks untuk tabel `migrations`
--
ALTER TABLE `migrations`
  ADD PRIMARY KEY (`id`);

--
-- Indeks untuk tabel `tbl_volume_harian`
--
ALTER TABLE `tbl_volume_harian`
  ADD PRIMARY KEY (`id`);

--
-- AUTO_INCREMENT untuk tabel yang dibuang
--

--
-- AUTO_INCREMENT untuk tabel `debit_air`
--
ALTER TABLE `debit_air`
  MODIFY `id` bigint(20) UNSIGNED NOT NULL AUTO_INCREMENT;

--
-- AUTO_INCREMENT untuk tabel `konsumsi_listrik`
--
ALTER TABLE `konsumsi_listrik`
  MODIFY `id` bigint(20) UNSIGNED NOT NULL AUTO_INCREMENT, AUTO_INCREMENT=246;

--
-- AUTO_INCREMENT untuk tabel `kualitas_air`
--
ALTER TABLE `kualitas_air`
  MODIFY `id` bigint(20) UNSIGNED NOT NULL AUTO_INCREMENT;

--
-- AUTO_INCREMENT untuk tabel `migrations`
--
ALTER TABLE `migrations`
  MODIFY `id` int(10) UNSIGNED NOT NULL AUTO_INCREMENT, AUTO_INCREMENT=12;

--
-- AUTO_INCREMENT untuk tabel `tbl_volume_harian`
--
ALTER TABLE `tbl_volume_harian`
  MODIFY `id` bigint(20) UNSIGNED NOT NULL AUTO_INCREMENT;

--
-- Ketidakleluasaan untuk tabel pelimpahan (Dumped Tables)
--

--
-- Ketidakleluasaan untuk tabel `konsumsi_listrik`
--
ALTER TABLE `konsumsi_listrik`
  ADD CONSTRAINT `konsumsi_listrik_device_id_foreign` FOREIGN KEY (`device_id`) REFERENCES `device` (`device_id`);
COMMIT;

/*!40101 SET CHARACTER_SET_CLIENT=@OLD_CHARACTER_SET_CLIENT */;
/*!40101 SET CHARACTER_SET_RESULTS=@OLD_CHARACTER_SET_RESULTS */;
/*!40101 SET COLLATION_CONNECTION=@OLD_COLLATION_CONNECTION */;
